24.435,22.213,24.528,23.518,22.308,18.86,21.242,25.806,25.382,23.585,21.259,20.064,22.151,22.365,23.378,24.852,20.446,20.297,19.702,25.259,23.518,21.452,25.008,22.196,19.754,22.96,24.669,26.199,32.229,24.036,21.144,21.512,21.926,24.178,21.625,21.291,22.56,21.458,22.859,25.005,24.475,20.155,20.548,21.709,23.28,23.676,24.229,20.443,20.366,22.184,22.714,23.298,23.723,23.802,23.604,19.413,21.193,23.298,29.718,22.237,24.546,19.057,21.697,23.399,23.115,23.938,22.041,20.356,24.839,19.183,25.25,25.096,22.979,19.98,19.994,22.874,22.062,22.774,23.938,19.796,18.202,23.121,27.883,21.579,22.162,22.4,18.047,20.196,23.87,23.136,24.59,23.883,23.818,17.973,24.577,25.863,24.383,24.747,23.121,18.698,21.249
26.465,27.233,26.558,25.547,24.338,20.889,23.272,27.836,24.576,17.618,23.288,22.093,24.181,21.162,28.556,24.791,17.675,22.327,21.731,27.288,26.523,17.441,27.037,24.225,21.784,24.99,30.945,20.015,34.258,26.065,23.174,23.542,23.956,27.559,18.923,23.321,24.59,23.487,24.888,28.684,21.488,22.185,22.577,23.738,25.309,25.706,22.703,22.473,22.396,24.213,24.744,25.327,19.04,25.831,27.535,21.442,23.223,25.327,31.747,24.266,26.576,21.087,23.726,25.429,25.145,23.567,24.07,22.386,26.869,21.212,27.279,25.164,25.008,22.009,22.023,24.904,24.091,24.803,25.967,21.825,20.231,25.15,29.913,18.923,22.766,24.43,20.076,22.225,25.9,27.91,22.177,25.912,25.848,20.003,26.606,27.892,26.413,26.776,25.15,20.727,23.278
23.928,21.706,24.021,23.01,21.801,18.352,20.735,25.299,24.874,23.078,20.752,19.557,21.644,21.857,22.87,24.345,19.938,19.79,19.195,24.751,23.011,20.945,24.5,21.688,19.247,22.453,24.162,25.692,31.721,23.528,20.637,21.005,21.419,23.671,21.118,20.784,22.053,20.95,22.352,24.497,23.968,19.648,20.041,21.202,22.772,23.169,23.722,19.936,19.859,21.676,22.207,22.79,23.216,23.294,23.096,18.906,20.686,22.791,26.093,22.613,24.039,18.55,21.189,22.892,22.608,23.431,21.533,19.849,24.332,18.675,24.742,24.589,22.471,19.472,19.486,22.367,21.555,22.266,23.43,19.288,17.695,22.613,27.376,21.072,21.655,21.893,17.54,19.688,23.363,22.628,24.083,23.376,23.311,17.466,24.07,25.355,23.876,24.239,22.614,18.19,20.741
25.957,23.735,26.051,25.04,23.83,20.382,22.765,27.328,24.069,17.111,22.781,21.586,23.673,23.887,25.934,18.283,21.968,21.819,21.224,26.781,25.04,23.196,26.53,23.718,21.277,24.482,30.438,19.508,33.751,25.558,22.666,23.034,23.448,25.7,22.337,22.814,24.083,22.98,24.381,26.527,20.979,21.677,22.07,23.231,24.802,25.198,22.196,21.965,21.888,23.706,24.236,24.82,18.533,25.324,27.028,20.935,22.715,24.82,31.24,23.759,26.068,20.579,23.219,24.921,24.637,24.411,23.563,21.878,26.361,20.705,26.772,26.618,24.501,21.502,21.516,24.397,23.584,24.296,25.46,21.318,19.724,24.643,29.405,18.416,23.684,23.922,19.569,21.718,25.393,24.658,29.494,19.121,25.34,19.495,26.099,27.385,25.905,26.269,24.643,20.22,22.771
24.943,22.72,25.036,24.025,22.816,19.367,21.75,26.313,25.889,24.092,21.766,20.571,22.659,22.872,23.885,25.436,18.32,20.805,20.209,25.766,24.026,21.959,25.515,22.703,20.262,23.468,25.177,26.707,32.736,24.543,21.651,22.019,22.433,24.685,22.132,21.799,23.068,21.965,23.366,25.512,24.983,20.663,21.055,22.216,23.787,24.184,24.736,20.951,20.874,22.691,23.222,23.805,24.23,24.309,24.111,19.92,21.701,23.805,30.225,22.744,25.053,19.565,22.204,23.907,23.623,24.446,22.548,20.864,25.347,19.69,25.757,25.603,23.486,20.487,20.501,23.382,22.569,23.281,24.445,20.303,18.709,23.628,28.39,22.087,22.67,22.908,18.554,20.703,24.378,23.643,25.097,24.39,24.326,18.481,25.084,26.37,24.891,25.254,23.628,19.205,21.756
26.972,28.033,27.065,26.055,24.845,21.396,23.779,28.343,25.084,18.125,23.796,22.601,24.688,21.669,29.063,25.299,18.182,22.834,22.239,27.795,24.563,14.564,27.545,24.733,22.291,25.497,31.453,20.522,30.508,24.356,23.681,24.049,18.649,26.276,17.64,23.828,25.097,23.994,25.396,29.191,21.995,22.692,23.085,24.246,25.817,26.213,23.211,22.98,22.903,24.721,25.251,25.835,19.548,28.772,19.651,21.95,23.73,25.835,32.254,24.774,11.556,21.594,24.234,25.936,25.652,24.074,28.203,18.787,27.376,21.719,27.786,25.671,28.838,19.344,22.53,25.411,24.599,22.479,26.475,22.332,20.739,25.658,30.42,19.431,23.274,24.937,20.584,22.732,26.407,28.417,22.684,26.42,26.355,20.51,27.114,28.073,15.698,27.284,25.658,21.235,23.786
23.674,21.452,23.767,22.757,21.547,18.099,20.481,25.045,24.621,22.824,20.498,19.303,21.39,21.604,22.617,24.091,19.685,19.536,18.941,24.497,22.757,20.691,24.247,21.435,18.993,22.199,23.908,25.438,24.817,17.498,20.383,20.751,21.165,23.417,20.864,20.53,21.799,20.696,22.098,24.244,23.714,19.394,19.787,20.948,22.519,22.915,23.468,19.682,19.605,21.423,21.953,22.537,22.962,23.041,22.843,18.652,20.432,22.537,25.839,22.359,23.785,18.296,20.936,22.638,22.354,23.177,21.28,19.595,24.078,18.421,24.488,24.335,22.218,19.219,19.232,22.113,21.301,22.013,23.177,19.034,17.441,22.36,27.122,20.818,21.401,21.639,17.286,19.434,23.109,22.374,23.829,23.122,23.057,17.212,23.816,25.102,23.622,23.986,22.36,17.937,20.488
25.704,23.481,25.797,24.786,23.577,20.128,22.511,27.074,23.815,16.857,22.527,21.332,23.42,23.633,27.795,24.03,21.714,21.566,20.97,26.527,24.787,22.942,26.276,23.464,21.023,24.229,25.938,27.468,33.497,25.304,22.412,22.78,23.194,25.446,22.083,22.56,23.829,22.726,24.127,26.273,25.744,21.424,21.816,22.977,24.548,24.945,21.942,21.712,21.635,23.452,23.983,24.566,24.992,25.07,24.872,20.681,22.462,24.566,30.986,23.505,25.815,20.326,22.965,24.668,24.384,24.157,23.309,21.625,26.108,20.451,26.518,26.364,24.247,21.248,21.262,24.143,23.33,24.042,25.206,21.064,19.47,24.389,29.151,18.162,23.431,23.669,19.315,21.464,25.139,24.404,29.24,18.867,25.087,19.242,25.845,27.131,25.652,26.015,24.389,19.966,22.517
24.689,22.467,24.782,23.771,22.562,19.113,21.496,26.06,25.635,23.839,21.513,20.318,22.405,22.618,23.631,25.106,20.699,20.551,19.956,25.512,23.772,21.706,25.261,22.449,20.008,23.214,24.923,26.453,32.482,24.289,21.398,21.766,22.18,24.432,21.879,21.545,22.814,21.711,23.113,25.258,24.729,20.409,20.802,21.963,23.534,23.93,24.483,20.697,20.62,22.437,22.968,23.551,23.977,24.056,23.857,19.667,21.447,23.552,29.971,22.49,24.8,19.311,21.95,23.653,23.369,24.192,22.294,20.61,25.093,19.436,25.503,25.35,23.232,20.233,20.247,23.128,22.316,23.027,24.191,20.049,18.456,23.374,28.137,21.833,22.416,22.654,18.301,20.449,24.124,23.389,24.844,24.137,24.072,18.227,24.831,26.116,24.637,25.001,23.375,18.952,21.502
26.718,27.779,26.812,25.801,24.591,21.143,23.526,28.089,24.83,17.872,23.542,22.347,24.434,21.416,28.81,25.045,17.928,22.58,21.985,27.542,26.777,17.695,27.291,24.479,22.038,25.243,31.199,20.269,30.254,24.102,23.427,23.795,24.209,26.022,17.387,23.575,24.844,23.741,25.142,28.937,21.741,22.438,22.831,23.992,25.563,25.959,22.957,22.726,22.649,24.467,24.997,25.581,19.294,26.085,27.789,21.696,23.476,25.581,32.001,24.52,11.302,21.34,23.98,25.682,25.398,23.821,24.324,22.64,27.122,21.466,27.533,25.417,28.585,19.09,22.277,25.158,24.345,22.225,26.221,22.079,20.485,25.404,30.166,19.177,23.02,24.683,20.33,22.479,26.154,28.163,22.43,26.166,26.102,20.256,26.86,28.146,26.358,27.03,25.404,20.981,23.532
24.182,21.959,24.275,23.264,22.054,18.606,20.989,25.552,25.128,23.331,21.005,19.81,21.898,22.111,23.124,24.599,20.192,20.043,19.448,25.005,23.265,21.198,24.754,21.942,19.501,22.706,24.416,25.946,31.975,23.782,20.89,21.258,21.672,23.924,21.371,21.038,22.307,21.204,22.605,24.751,24.221,19.901,20.294,21.455,23.026,23.422,23.975,20.19,20.113,21.93,22.461,23.044,23.469,23.548,23.35,19.159,20.939,23.044,26.347,22.867,24.292,18.804,21.443,23.146,22.862,23.685,21.787,20.103,24.586,18.929,24.996,24.842,22.725,19.726,19.74,22.621,21.808,22.52,23.684,19.542,17.948,22.867,27.629,21.326,21.909,22.147,17.793,19.942,23.617,22.882,24.336,23.629,23.565,17.72,24.323,25.609,24.13,24.493,22.867,18.444,20.995
26.211,26.979,26.304,25.294,24.084,20.635,23.018,27.582,24.323,17.364,23.035,21.84,23.927,24.141,26.188,18.536,22.221,22.073,21.478,27.034,25.294,23.449,26.784,23.972,21.53,24.736,30.692,19.761,34.004,25.811,22.92,23.288,23.702,25.954,22.59,23.067,24.336,23.233,24.635,26.781,21.233,21.931,22.324,23.485,25.056,25.452,22.45,22.219,22.142,23.96,24.49,25.074,18.786,25.578,27.281,21.189,22.969,25.074,31.493,24.013,26.322,20.833,23.472,25.175,24.891,24.664,23.816,22.132,26.615,20.958,27.025,24.91,24.755,21.756,21.769,24.65,23.838,24.549,25.714,21.571,19.978,24.897,29.659,18.669,22.513,24.176,19.823,21.971,25.646,24.911,29.689,16.659,25.594,19.749,26.353,27.639,26.159,26.523,24.897,20.474,23.025
25.196,22.974,25.29,24.279,23.069,19.621,22.004,26.567,26.143,24.346,22.02,20.825,22.912,23.126,24.139,25.69,18.573,21.058,20.463,26.02,24.279,22.213,25.769,22.957,20.516,23.721,25.43,26.96,32.99,24.797,21.905,22.273,22.687,24.939,22.386,22.052,23.321,22.219,23.62,25.766,25.236,20.916,21.309,22.47,24.041,24.437,24.99,21.204,21.127,22.945,23.475,24.059,24.484,24.563,24.365,20.174,21.954,24.059,30.479,22.998,25.307,19.818,22.458,24.16,23.876,24.7,22.802,21.117,25.6,19.944,26.011,25.857,23.74,20.741,20.755,23.636,22.823,23.535,24.699,20.557,18.963,23.882,28.644,17.655,22.923,23.161,18.808,20.957,24.632,23.897,28.733,18.36,24.579,18.734,25.338,26.624,25.144,25.508,23.882,19.459,22.01
27.226,28.287,27.319,26.308,25.099,21.65,24.033,28.597,22.129,26.375,24.05,22.855,24.942,21.923,29.317,25.552,18.436,23.088,22.492,28.049,24.817,14.817,27.798,24.986,22.545,25.751,31.706,20.776,30.762,24.61,23.935,24.303,18.902,26.53,17.894,24.082,25.351,24.248,25.65,24.147,15.394,22.946,23.338,24.5,26.07,26.467,23.464,23.234,23.157,24.974,28.443,26.088,19.801,29.026,19.905,22.204,23.984,26.088,31.745,21.869,27.337,21.848,24.487,26.19,25.906,24.328,28.405,16.941,27.63,21.973,28.04,25.925,29.092,19.598,22.784,25.665,24.853,22.733,26.728,22.586,20.993,25.911,30.674,19.684,23.527,25.191,20.838,22.986,26.661,28.671,22.938,26.897,26.609,20.764,27.367,25.795,27.174,20.711,25.911,21.488,24.039
23.547,21.325,23.641,22.63,21.42,17.972,20.355,24.918,24.494,22.697,20.371,19.176,21.263,21.477,22.49,23.964,19.558,19.409,18.814,24.371,22.63,20.564,24.12,21.308,18.867,22.072,23.781,25.312,24.69,17.371,20.256,20.624,21.038,23.29,20.737,20.403,21.672,20.57,21.971,24.117,23.587,19.267,19.66,20.821,22.392,22.788,23.341,19.555,19.478,21.296,21.826,22.41,22.835,22.914,22.716,18.525,20.305,22.41,25.713,22.232,23.658,18.169,20.809,22.511,22.227,23.051,21.153,19.468,23.951,18.295,24.362,24.208,22.091,19.092,19.106,21.987,21.174,21.886,23.05,18.908,17.314,22.233,26.995,20.691,21.274,21.512,17.159,19.308,22.983,22.248,23.702,22.995,22.93,17.085,23.689,24.975,23.495,23.859,22.233,17.81,20.361
25.577,23.355,25.67,24.659,23.45,20.001,22.384,26.948,23.688,16.73,22.401,21.206,23.293,23.506,24.519,26.071,18.954,21.439,20.843,26.4,24.66,22.815,26.149,23.337,20.896,24.102,25.811,27.341,33.37,25.177,22.286,22.654,23.068,25.32,21.956,22.433,23.702,22.599,24.001,26.146,25.617,21.297,21.689,22.851,24.421,24.818,21.815,21.585,21.508,23.325,23.856,24.439,24.865,24.943,24.745,20.555,22.335,24.44,30.859,23.378,25.688,20.199,22.838,24.541,24.257,26.165,23.182,21.498,25.981,20.324,26.391,26.238,24.12,21.121,21.135,24.016,23.204,23.915,25.079,20.937,19.344,24.262,29.025,18.035,23.304,23.542,19.189,21.337,25.012,24.277,29.113,18.74,24.96,19.115,25.719,27.004,25.525,25.888,24.262,19.839,22.39
24.562,22.34,24.655,23.645,22.435,18.986,21.369,25.933,25.509,23.712,21.386,20.191,22.278,22.492,23.504,24.979,20.572,20.424,19.829,25.385,23.645,21.579,25.135,22.323,19.881,23.087,24.796,26.326,32.355,24.162,21.271,21.639,22.053,24.305,21.752,21.418,22.687,21.584,22.986,25.132,24.602,20.282,20.675,21.836,23.407,23.803,24.356,20.57,20.493,22.311,22.841,23.425,23.85,23.929,23.73,19.54,21.32,23.425,29.844,22.364,24.673,19.184,21.824,23.526,23.242,24.065,22.168,20.483,24.966,19.309,25.376,25.223,23.106,20.107,20.12,23.001,22.189,22.9,24.065,19.922,18.329,23.248,28.01,21.706,22.289,22.527,18.174,20.322,23.997,23.262,24.717,24.01,23.945,18.1,24.704,25.99,24.51,24.874,23.248,18.825,21.376
26.592,27.36,26.685,25.674,24.465,21.016,23.399,27.962,24.703,17.745,23.415,22.22,24.308,21.289,28.683,24.918,17.801,22.453,21.858,27.415,26.65,17.568,27.164,24.352,21.911,25.117,31.072,20.142,30.127,23.976,23.3,23.668,24.082,25.895,17.26,23.448,24.717,23.614,25.015,28.811,21.615,22.312,22.704,23.865,25.436,25.832,22.83,22.6,22.523,24.34,24.871,25.454,19.167,25.958,27.662,21.569,23.35,25.454,31.874,24.393,11.175,21.214,23.853,25.556,25.272,23.694,24.197,22.513,26.996,21.339,27.406,25.291,28.458,18.964,22.15,25.031,24.218,27.393,17.147,21.952,20.358,25.277,30.039,19.05,22.893,24.557,20.203,22.352,26.027,28.037,22.303,26.039,25.975,20.13,26.733,28.019,26.231,26.903,25.277,20.854,23.405
24.055,21.832,24.148,23.137,21.928,18.479,20.862,25.426,25.001,23.204,20.878,19.683,21.771,21.984,22.997,24.472,20.065,19.917,19.321,24.878,23.138,21.071,24.627,21.815,19.374,22.58,24.289,25.819,31.848,23.655,20.764,21.132,21.545,23.797,21.245,20.911,22.18,21.077,22.478,24.624,24.095,19.775,20.167,21.328,22.899,23.296,23.849,20.063,19.986,21.803,22.334,22.917,23.343,23.421,23.223,19.032,20.813,22.917,26.22,22.74,24.166,18.677,21.316,23.019,22.735,23.558,21.66,19.976,24.459,18.802,24.869,24.715,22.598,19.599,19.613,22.494,21.681,22.393,23.557,19.415,17.821,22.74,27.502,21.199,21.782,22.02,17.666,19.815,23.49,22.755,24.209,23.502,23.438,17.593,24.196,25.482,24.003,24.366,22.74,18.317,20.868
26.084,23.862,26.177,25.167,23.957,20.509,22.891,27.455,24.196,17.237,22.908,21.713,23.8,24.014,26.061,18.41,22.095,21.946,21.351,26.907,25.167,23.323,26.657,23.845,21.403,24.609,30.565,19.635,33.878,25.685,22.793,23.161,23.575,25.827,22.463,22.94,24.209,23.107,24.508,26.654,21.106,21.804,22.197,23.358,24.929,25.325,22.323,22.092,22.015,23.833,24.363,24.947,18.66,25.451,27.155,21.062,22.842,24.947,31.367,23.886,26.195,20.706,23.346,25.048,24.764,24.538,23.69,22.005,26.488,20.832,26.899,26.745,24.628,21.629,21.643,24.523,23.711,24.423,25.587,21.445,19.851,24.77,29.532,18.543,23.811,24.049,19.696,21.845,25.519,24.785,29.562,16.532,25.467,19.622,26.226,27.512,26.032,26.396,24.77,20.347,22.898
25.069,22.847,25.163,24.152,22.942,19.494,21.877,26.44,26.016,24.219,21.893,20.698,22.786,22.999,24.012,25.563,18.446,20.931,20.336,25.893,24.152,22.086,25.642,22.83,20.389,23.594,25.304,26.834,32.863,24.67,21.778,22.146,22.56,24.812,22.259,21.926,23.195,22.092,23.493,25.639,25.109,20.789,21.182,22.343,23.914,24.31,24.863,21.077,21,22.818,23.348,23.932,24.357,24.436,24.238,20.047,21.827,23.932,30.352,22.871,25.18,19.691,22.331,24.034,23.749,24.573,22.675,20.991,25.473,19.817,25.884,25.73,23.613,20.614,20.628,23.509,22.696,23.408,24.572,20.43,18.836,23.755,28.517,17.528,22.797,23.035,18.681,20.83,24.505,23.77,28.606,18.233,24.453,18.607,25.211,26.497,25.018,25.381,23.755,19.332,21.883
27.099,28.16,27.192,26.181,24.972,21.523,23.906,28.47,25.21,18.252,23.923,22.728,24.815,21.796,29.19,25.426,18.309,22.961,22.366,27.922,24.69,14.69,27.671,24.859,22.418,25.624,31.579,20.649,30.635,24.483,23.808,24.176,18.776,26.403,17.767,23.955,25.224,24.121,25.523,29.318,22.122,22.819,23.212,24.373,25.944,26.34,23.337,23.107,23.03,24.847,28.316,25.961,19.674,28.899,19.778,22.077,23.857,25.962,32.381,24.9,11.682,21.721,24.36,26.063,25.779,24.201,28.33,18.914,27.503,21.846,27.913,25.798,28.965,19.471,22.657,25.538,24.726,22.606,26.601,22.459,20.866,25.784,30.547,19.557,23.401,25.064,20.711,22.859,26.534,28.544,22.811,26.77,26.482,20.637,27.241,27.534,27.047,27.411,25.785,21.362,23.912
23.801,21.579,23.894,22.884,21.674,18.225,20.608,25.172,24.748,22.951,20.625,19.43,21.517,21.731,22.743,24.218,19.811,19.663,19.068,24.624,22.884,20.818,24.373,21.561,19.12,22.326,24.035,25.565,31.594,23.401,20.51,20.878,21.292,23.544,20.991,20.657,21.926,20.823,22.225,24.371,23.841,19.521,19.914,21.075,22.646,23.042,23.595,19.809,19.732,21.55,22.08,22.664,23.089,23.168,22.969,18.779,20.559,22.664,25.966,22.486,23.912,18.423,21.062,22.765,22.481,23.304,21.406,19.722,24.205,18.548,24.615,24.462,22.345,19.346,19.359,22.24,21.428,22.139,23.304,19.161,17.568,22.487,27.249,20.945,21.528,21.766,17.413,19.561,23.236,22.501,23.956,23.249,23.184,17.339,23.943,25.229,23.749,24.113,22.487,18.064,20.615
25.831,23.608,25.924,24.913,23.703,20.255,22.638,27.201,23.942,16.984,22.654,21.459,23.547,23.76,25.808,18.156,21.841,21.692,21.097,26.654,24.914,23.069,26.403,23.591,21.15,24.355,30.311,19.381,33.624,25.431,22.539,22.907,23.321,25.573,22.21,22.687,23.956,22.853,24.254,26.4,20.852,21.55,21.943,23.104,24.675,25.071,22.069,21.839,21.762,23.579,24.109,24.693,25.118,25.197,26.901,20.808,22.588,24.693,31.113,23.632,25.941,20.452,23.092,24.795,24.511,24.284,23.436,21.752,26.235,20.578,26.645,26.491,24.374,21.375,21.389,24.27,23.457,24.169,25.333,21.191,19.597,24.516,29.278,18.289,23.558,23.796,19.442,21.591,25.266,24.531,29.367,18.994,25.214,19.369,25.972,27.258,25.779,26.142,24.516,20.093,22.644
24.816,22.594,24.909,23.898,22.689,19.24,21.623,26.187,25.762,23.965,21.639,20.444,22.532,22.745,23.758,25.233,20.826,20.678,20.082,25.639,23.899,21.833,25.388,22.576,20.135,23.341,25.05,26.58,32.609,24.416,21.525,21.893,22.307,24.558,22.006,21.672,22.941,21.838,23.24,25.385,24.856,20.536,20.928,22.09,23.66,24.057,24.61,20.824,20.747,22.564,23.095,23.678,24.104,24.182,23.984,19.793,21.574,23.678,30.098,22.617,24.927,19.438,22.077,23.78,23.496,24.319,22.421,20.737,25.22,19.563,25.63,25.477,23.359,20.36,20.374,23.255,22.443,23.154,24.318,20.176,18.582,23.501,28.264,21.96,22.543,22.781,18.428,20.576,24.251,23.516,24.971,24.263,24.199,18.354,24.957,26.243,24.764,25.127,23.501,19.078,21.629
26.845,27.906,26.938,25.928,24.718,21.27,23.652,28.216,24.957,17.999,23.669,22.474,24.561,21.543,28.936,25.172,18.055,22.707,22.112,27.669,26.904,17.822,27.418,24.606,22.164,25.37,31.326,20.396,30.381,24.229,23.554,23.922,18.522,26.149,17.513,23.701,24.97,23.868,25.269,29.064,21.868,22.565,22.958,24.119,25.69,26.086,23.084,22.853,22.776,24.594,25.124,25.708,19.421,28.645,19.525,21.823,23.603,25.708,32.128,24.647,11.429,21.467,24.107,25.809,25.525,23.948,24.451,22.766,27.249,21.593,27.66,25.544,28.712,19.217,22.404,25.284,24.472,22.352,26.348,22.206,20.612,25.531,30.293,19.304,23.147,24.81,20.457,22.606,26.281,28.29,22.557,26.293,26.228,20.383,26.987,28.273,26.484,27.157,25.531,21.108,23.659
24.308,22.086,24.402,23.391,22.181,18.733,21.116,25.679,25.255,23.458,21.132,19.937,22.024,22.238,23.251,24.726,20.319,20.17,19.575,25.132,23.391,21.325,24.881,22.069,19.628,22.833,24.542,26.073,32.102,23.909,21.017,21.385,21.799,24.051,21.498,21.165,22.434,21.331,22.732,24.878,24.348,20.028,20.421,21.582,23.153,23.549,24.102,20.316,20.239,22.057,22.587,23.171,23.596,23.675,23.477,19.286,21.066,23.171,29.591,22.11,24.419,18.93,21.57,23.272,22.988,23.812,21.914,20.229,24.712,19.056,25.123,24.969,22.852,19.853,19.867,22.748,21.935,22.647,23.811,19.669,18.075,22.994,27.756,21.452,22.035,22.273,17.92,20.069,23.744,23.009,24.463,23.756,23.691,17.846,24.45,25.736,24.257,24.62,22.994,18.571,21.122
26.338,27.106,26.431,25.42,24.211,20.762,23.145,27.709,24.449,17.491,23.162,21.967,24.054,21.035,28.429,24.664,17.548,22.2,21.605,27.161,26.396,17.314,26.91,24.098,21.657,24.863,30.818,19.888,34.131,25.938,23.047,23.415,23.829,26.081,22.717,23.194,24.463,23.36,24.762,26.907,21.359,22.058,22.451,23.612,25.182,25.579,22.576,22.346,22.269,24.086,24.617,25.2,18.913,25.704,27.408,21.316,23.096,25.201,31.62,24.139,26.449,20.96,23.599,25.302,25.018,24.791,23.943,22.259,26.742,21.085,27.152,25.037,24.881,21.882,21.896,24.777,23.965,24.676,25.84,21.698,20.105,25.023,29.786,18.796,22.639,24.303,19.95,22.098,25.773,27.783,22.05,25.786,25.721,19.876,26.48,27.765,26.286,26.65,25.024,20.6,23.151
25.323,23.101,25.416,24.406,23.196,19.747,22.13,26.694,23.435,16.476,22.147,20.952,23.039,23.253,24.266,25.817,18.7,21.185,20.59,26.146,24.406,22.34,25.896,23.084,20.642,23.848,25.557,27.087,33.117,24.924,22.032,22.4,22.814,25.066,22.513,22.179,23.448,22.345,23.747,25.893,25.363,21.043,21.436,22.597,24.168,24.564,25.117,21.331,21.254,23.072,23.602,24.186,24.611,24.69,24.492,20.301,22.081,24.186,30.605,23.125,25.434,19.945,22.585,24.287,24.003,24.826,22.929,21.244,25.727,20.07,26.137,25.984,23.867,20.868,20.881,23.762,22.95,23.662,24.826,20.683,19.09,24.009,28.771,17.782,23.05,23.288,18.935,21.083,24.758,24.023,28.859,18.487,24.706,18.861,25.465,26.751,25.271,25.635,24.009,19.586,22.137
27.353,28.414,27.446,26.435,25.226,21.777,24.16,28.723,22.256,15.298,24.176,22.981,25.069,22.05,29.444,25.679,18.562,23.215,22.619,28.176,24.944,14.944,27.925,25.113,22.672,25.878,31.833,20.903,30.888,24.737,24.061,24.429,19.029,26.656,18.021,24.209,25.478,24.375,25.776,24.273,15.521,23.073,23.465,24.626,26.197,26.594,23.591,23.361,23.284,25.101,28.57,26.215,19.928,29.152,20.032,22.33,24.111,26.215,31.872,21.996,27.464,21.975,24.614,26.317,26.033,24.455,28.532,17.068,27.757,22.1,28.167,26.052,17.229,22.897,22.911,25.792,24.979,22.86,26.855,22.713,21.119,26.038,30.8,19.811,23.654,25.318,20.964,23.113,26.788,28.798,23.064,27.024,26.736,20.891,27.494,25.922,27.301,20.838,26.038,21.615,24.166
23.484,21.262,23.577,22.566,21.357,17.908,20.291,24.855,24.43,22.634,20.308,19.113,21.2,21.413,22.426,23.901,19.494,19.346,18.751,24.307,22.567,20.501,24.056,21.244,18.803,22.009,23.718,25.248,24.626,17.308,20.193,20.561,20.975,23.227,20.674,20.34,21.609,20.506,21.908,24.053,23.524,19.204,19.597,20.758,22.329,22.725,23.278,19.492,19.415,21.232,21.763,22.346,22.772,22.851,22.652,18.462,20.242,22.347,25.649,22.169,23.595,18.106,20.745,22.448,22.164,22.987,21.089,19.405,23.888,18.231,24.298,24.145,22.027,19.028,19.042,21.923,21.111,21.822,22.986,18.844,17.251,22.169,26.932,20.628,21.211,21.449,17.096,19.244,22.919,22.184,23.639,22.932,22.867,17.022,23.626,24.911,23.432,23.796,22.17,17.746,20.297
25.513,23.291,25.607,24.596,23.386,19.938,22.321,26.884,23.625,16.667,22.337,21.142,23.229,23.443,24.456,26.007,18.89,21.375,20.78,26.337,24.596,22.752,26.086,23.274,20.833,24.038,25.747,27.278,33.307,25.114,22.222,22.59,23.004,25.256,21.893,22.37,23.639,22.536,23.937,26.083,25.553,21.233,21.626,22.787,24.358,24.754,21.752,21.521,21.444,23.262,23.792,24.376,24.801,24.88,24.682,20.491,22.271,24.376,30.796,23.315,25.624,20.135,22.775,24.477,24.193,25.017,23.119,21.434,25.917,20.261,26.328,26.174,24.057,21.058,21.072,23.953,23.14,23.852,25.016,20.874,19.28,24.199,28.961,17.972,23.24,23.478,19.125,21.274,24.949,24.214,29.05,18.677,24.897,19.051,25.655,26.941,25.462,25.825,24.199,19.776,22.327
24.499,22.276,24.592,23.581,22.372,18.923,21.306,25.869,25.445,23.648,21.322,20.127,22.215,22.428,23.441,24.916,20.509,20.361,19.765,25.322,23.582,21.515,25.071,22.259,19.818,23.024,24.733,26.263,32.292,24.099,21.207,21.575,21.989,24.241,21.689,21.355,22.624,21.521,22.922,25.068,24.539,20.219,20.611,21.772,23.343,23.74,24.292,20.507,20.43,22.247,22.778,23.361,23.786,23.865,23.667,19.476,21.257,23.361,29.781,22.3,24.61,19.121,21.76,23.463,23.179,24.002,22.104,20.42,24.903,19.246,25.313,25.159,23.042,20.043,20.057,22.938,22.125,22.837,24.001,19.859,18.265,23.184,27.946,21.643,22.226,22.464,18.11,20.259,23.934,23.199,24.653,23.946,23.882,18.037,24.64,25.926,24.447,24.81,23.184,18.761,21.312
26.528,27.296,26.621,25.611,24.401,20.953,23.335,27.899,24.64,17.681,23.352,22.157,24.244,21.225,28.619,24.855,17.738,22.39,21.795,27.351,26.587,17.504,27.101,24.289,21.847,25.053,31.009,20.078,30.064,23.912,23.237,23.605,24.019,25.832,17.196,23.384,24.653,23.55,24.952,28.747,21.551,22.248,22.641,23.802,25.373,25.769,22.767,22.536,22.459,24.277,24.807,25.391,19.104,25.895,27.599,21.506,23.286,25.391,31.81,24.33,11.112,21.15,23.79,25.492,25.208,23.631,24.134,22.449,26.932,21.275,27.342,25.227,28.395,18.9,22.086,24.967,24.155,24.867,23.687,21.888,20.295,25.214,29.976,18.987,22.83,24.493,20.14,22.288,25.963,27.973,22.24,25.976,25.911,20.066,26.67,27.956,26.167,26.84,25.214,20.791,23.342
23.991,21.769,24.085,23.074,21.864,18.416,20.798,25.362,24.938,23.141,20.815,19.62,21.707,21.921,22.934,24.408,20.002,19.853,19.258,24.815,23.074,21.008,24.564,21.752,19.311,22.516,24.225,25.755,31.785,23.592,20.7,21.068,21.482,23.734,21.181,20.847,22.116,21.014,22.415,24.561,24.031,19.711,20.104,21.265,22.836,23.232,23.785,19.999,19.922,21.74,22.27,22.854,23.279,23.358,23.16,18.969,20.749,22.854,26.157,22.676,24.102,18.613,21.253,22.955,22.671,23.494,21.597,19.912,24.395,18.739,24.806,24.652,22.535,19.536,19.55,22.431,21.618,22.33,23.494,19.352,17.758,22.677,27.439,21.135,21.718,21.956,17.603,19.752,23.427,22.692,24.146,23.439,23.374,17.529,24.133,25.419,23.939,24.303,22.677,18.254,20.805
26.021,23.799,26.114,25.103,23.894,20.445,22.828,27.392,24.132,17.174,22.845,21.65,23.737,23.95,25.998,18.346,22.031,21.883,21.287,26.844,25.104,23.259,26.593,23.781,21.34,24.546,30.501,19.571,33.814,25.621,22.73,23.098,23.512,25.763,22.4,22.877,24.146,23.043,24.445,26.59,21.042,21.741,22.133,23.295,24.865,25.262,22.259,22.029,21.952,23.769,24.3,24.883,18.596,25.387,27.091,20.999,22.779,24.883,31.303,23.822,26.132,20.643,23.282,24.985,24.701,24.474,23.626,21.942,26.425,20.768,26.835,26.682,24.564,21.565,21.579,24.46,23.648,24.359,25.523,21.381,19.788,24.706,29.469,18.479,23.748,23.986,19.633,21.781,25.456,24.721,29.557,19.184,25.404,19.559,26.162,27.448,25.969,26.332,24.706,20.283,22.834
25.006,22.784,25.099,24.089,22.879,19.43,21.813,26.377,25.953,24.156,21.83,20.635,22.722,22.936,23.948,25.5,18.383,20.868,20.273,25.829,24.089,22.023,25.579,22.767,20.325,23.531,25.24,26.77,32.799,24.606,21.715,22.083,22.497,24.749,22.196,21.862,23.131,22.028,23.43,25.576,25.046,20.726,21.119,22.28,23.851,24.247,24.8,21.014,20.937,22.755,23.285,23.869,24.294,24.373,24.174,19.984,21.764,23.869,30.288,22.807,25.117,19.628,22.267,23.97,23.686,24.509,22.611,20.927,25.41,19.753,25.82,25.667,23.55,20.551,20.564,23.445,22.633,23.344,24.509,20.366,18.773,23.692,28.454,22.15,22.733,22.971,18.618,20.766,24.441,23.706,28.542,18.17,24.389,18.544,25.148,26.434,24.954,25.318,23.692,19.269,21.82
27.036,28.097,27.129,26.118,24.908,21.46,23.843,28.406,25.147,18.189,23.859,22.664,24.752,21.733,29.127,25.362,18.245,22.897,22.302,27.859,24.627,14.627,27.608,24.796,22.355,25.56,31.516,20.586,30.571,24.419,23.744,24.112,18.712,26.339,17.704,23.892,25.161,24.058,25.459,29.255,22.059,22.755,23.148,24.309,25.88,26.276,23.274,23.044,22.967,24.784,28.253,25.898,19.611,28.835,19.715,22.013,23.793,25.898,32.318,24.837,11.619,21.658,24.297,26,25.716,24.138,28.266,18.851,27.44,21.783,27.85,25.735,28.902,19.408,22.594,25.475,24.662,22.543,26.538,22.396,20.802,25.721,30.483,19.494,23.337,25.001,20.647,22.796,26.471,28.48,22.747,26.707,26.419,20.574,27.177,27.471,26.984,27.347,25.721,21.298,23.849
23.738,21.515,23.831,22.82,21.611,18.162,20.545,25.108,24.684,22.887,20.561,19.366,21.454,21.667,22.68,24.155,19.748,19.6,19.004,24.561,22.821,20.754,24.31,21.498,19.057,22.263,23.972,25.502,31.531,23.338,20.446,20.814,21.228,23.48,20.927,20.594,21.863,20.76,22.161,24.307,23.778,19.458,19.85,21.011,22.582,22.979,23.531,19.746,19.669,21.486,22.017,22.6,23.025,23.104,22.906,18.715,20.496,22.6,25.903,22.423,23.848,18.36,20.999,22.702,22.418,23.241,21.343,19.659,24.142,18.485,24.552,24.398,22.281,19.282,19.296,22.177,21.364,22.076,23.24,19.098,17.504,22.423,27.185,20.882,21.465,21.703,17.349,19.498,23.173,22.438,23.892,23.185,23.121,17.276,23.879,25.165,23.686,24.049,22.423,18,20.551
25.767,23.545,25.86,24.85,23.64,20.191,22.574,27.138,23.879,16.92,22.591,21.396,23.483,23.697,25.744,18.093,21.777,21.629,21.034,26.59,24.85,23.005,26.34,23.528,21.086,24.292,30.248,19.317,33.56,25.367,22.476,22.844,23.258,25.51,22.146,22.623,23.892,22.789,24.191,26.337,20.789,21.487,21.88,23.041,24.612,25.008,22.006,21.775,21.698,23.516,24.046,24.63,25.055,25.134,26.837,20.745,22.525,24.63,31.049,23.569,25.878,20.389,23.029,24.731,24.447,24.221,23.373,21.688,26.171,20.514,26.581,26.428,24.311,21.312,21.325,24.206,23.394,24.105,25.27,21.127,19.534,24.453,29.215,18.226,23.494,23.732,19.379,21.527,25.202,24.467,29.303,18.931,25.15,19.305,25.909,27.195,25.715,26.079,24.453,20.03,22.581
24.752,22.53,24.846,23.835,22.625,19.177,21.56,26.123,25.699,23.902,21.576,20.381,22.468,22.682,23.695,25.169,20.763,20.614,20.019,25.576,23.835,21.769,25.325,22.513,20.072,23.277,24.986,26.517,32.546,24.353,21.461,21.829,22.243,24.495,21.942,21.609,22.877,21.775,23.176,25.322,24.792,20.472,20.865,22.026,23.597,23.993,24.546,20.76,20.683,22.501,23.031,23.615,24.04,24.119,23.921,19.73,21.51,23.615,30.035,22.554,24.863,19.374,22.014,23.716,23.432,24.256,22.358,20.673,25.156,19.5,25.567,25.413,23.296,20.297,20.311,23.192,22.379,23.091,24.255,20.113,18.519,23.438,28.2,21.896,22.479,22.717,18.364,20.513,24.188,23.453,24.907,24.2,24.135,18.29,24.894,26.18,24.7,25.064,23.438,19.015,21.566
26.782,27.843,26.875,25.864,24.655,21.206,23.589,28.153,24.893,17.935,23.606,22.411,24.498,21.479,28.873,25.108,17.992,22.644,22.048,27.605,26.84,17.758,27.354,24.542,22.101,25.307,31.262,20.332,30.318,24.166,23.491,23.859,24.273,26.086,17.45,23.638,24.907,23.804,25.206,29.001,21.805,22.502,22.894,24.056,25.626,26.023,23.02,22.79,22.713,24.53,25.061,25.644,19.357,28.582,19.461,21.76,23.54,25.645,32.064,24.583,11.365,21.404,24.043,25.746,25.462,23.884,24.387,22.703,27.186,21.529,27.596,25.481,28.648,19.154,22.34,25.221,24.409,22.289,26.284,22.142,20.549,25.467,30.23,19.24,23.083,24.747,20.394,22.542,26.217,28.227,22.494,26.23,26.165,20.32,26.924,28.209,26.421,27.093,25.467,21.044,23.595
24.245,22.023,24.338,23.328,22.118,18.669,21.052,25.616,25.191,23.395,21.069,19.874,21.961,22.174,23.187,24.662,20.255,20.107,19.512,25.068,23.328,21.262,24.817,22.005,19.564,22.77,24.479,26.009,32.038,23.845,20.954,21.322,21.736,23.988,21.435,21.101,22.37,21.267,22.669,24.815,24.285,19.965,20.358,21.519,23.09,23.486,24.039,20.253,20.176,21.993,22.524,23.107,23.533,23.612,23.413,19.223,21.003,23.108,29.527,22.046,24.356,18.867,21.506,23.209,22.925,23.748,21.85,20.166,24.649,18.992,25.059,24.906,22.788,19.789,19.803,22.684,21.872,22.583,23.747,19.605,18.012,22.93,27.693,21.389,21.972,22.21,17.857,20.005,23.68,22.945,24.4,23.693,23.628,17.783,24.387,25.673,24.193,24.557,22.931,18.508,21.058
26.275,27.043,26.368,25.357,24.147,20.699,23.082,27.645,24.386,17.428,23.098,21.903,23.991,20.972,28.366,24.601,22.285,22.136,21.541,27.098,26.333,17.251,26.847,24.035,21.594,24.799,30.755,19.825,34.068,25.875,22.983,23.351,23.765,26.017,22.654,23.131,24.4,23.297,24.698,26.844,21.296,21.994,22.387,23.548,25.119,25.515,22.513,22.283,22.205,24.023,24.553,25.137,18.85,25.641,27.345,21.252,23.032,25.137,31.557,24.076,26.385,20.896,23.536,25.239,24.954,24.728,23.88,22.196,26.678,21.022,27.089,24.973,24.818,21.819,21.833,24.714,23.901,24.613,25.777,21.635,20.041,24.96,29.722,18.733,22.576,24.24,19.886,22.035,25.71,24.975,29.752,16.722,25.658,19.812,26.416,27.702,26.223,26.586,24.96,20.537,23.088
25.26,23.038,25.353,24.342,23.133,19.684,22.067,26.631,23.371,16.413,22.083,20.888,22.976,23.189,24.202,25.754,18.637,21.122,20.526,26.083,24.343,22.277,25.832,23.02,20.579,23.785,25.494,27.024,33.053,24.86,21.969,22.337,22.75,25.002,22.45,22.116,23.385,22.282,23.683,25.829,25.3,20.98,21.372,22.533,24.104,24.501,25.054,21.268,21.191,23.008,23.539,24.122,24.548,24.626,24.428,20.237,22.018,24.122,30.542,23.061,25.371,19.882,22.521,24.224,23.94,24.763,22.865,21.181,25.664,20.007,26.074,25.92,23.803,20.804,20.818,23.699,22.886,23.598,24.762,20.62,19.026,23.945,28.708,17.718,22.987,23.225,18.871,21.02,24.695,23.96,28.796,18.423,24.643,18.798,25.401,26.687,25.208,25.571,23.945,19.522,22.073
27.289,28.35,27.382,26.372,25.162,21.714,24.096,28.66,22.192,26.439,24.113,22.918,25.005,21.987,29.38,25.616,18.499,23.151,22.556,28.113,24.88,14.881,27.862,25.05,22.608,25.814,31.77,20.84,30.825,24.673,23.998,24.366,18.966,26.593,17.957,24.145,25.414,24.312,25.713,24.21,15.458,23.009,23.402,24.563,26.134,26.53,23.528,23.297,23.22,25.038,28.506,26.152,19.865,29.089,19.969,22.267,24.047,26.152,31.809,21.933,27.4,21.911,24.551,26.253,25.969,24.392,28.468,17.004,27.693,22.037,28.104,25.988,29.156,19.661,22.848,25.728,24.916,22.796,26.792,22.65,21.056,25.975,30.737,19.748,23.591,25.254,20.901,23.05,26.724,28.734,23.001,26.96,26.672,20.827,27.431,25.858,27.237,20.775,25.975,21.552,24.103
23.611,21.389,23.704,22.693,21.484,18.035,20.418,24.982,24.557,22.76,20.434,19.239,21.327,21.54,22.553,24.028,19.621,19.473,18.877,24.434,22.694,20.628,24.183,21.371,18.93,22.136,23.845,25.375,24.753,17.434,20.32,20.688,21.102,23.353,20.801,20.467,21.736,20.633,22.034,24.18,23.651,19.331,19.723,20.885,22.455,22.852,23.405,19.619,19.542,21.359,21.89,22.473,22.899,22.977,22.779,18.588,20.369,22.473,25.776,22.296,23.722,18.233,20.872,22.575,22.291,23.114,21.216,19.532,24.015,18.358,24.425,24.272,22.154,19.155,19.169,22.05,21.237,21.949,23.113,18.971,17.377,22.296,27.059,20.755,21.338,21.576,17.223,19.371,23.046,22.311,23.766,23.058,22.994,17.149,23.752,25.038,23.559,23.922,22.296,17.873,20.424
25.64,23.418,25.733,24.723,23.513,20.065,22.447,27.011,23.752,16.793,22.464,21.269,23.356,23.57,24.583,26.134,19.017,21.502,20.907,26.464,24.723,22.879,26.213,23.401,20.959,24.165,25.874,27.404,33.434,25.241,22.349,22.717,23.131,25.383,22.019,22.496,23.765,22.663,24.064,26.21,25.68,21.36,21.753,22.914,24.485,24.881,21.879,21.648,21.571,23.389,23.919,24.503,24.928,25.007,24.809,20.618,22.398,24.503,30.923,23.442,25.751,20.262,22.902,24.604,24.32,26.229,23.246,21.561,26.044,20.388,26.455,26.301,24.184,21.185,21.199,24.079,23.267,23.979,25.143,21.001,19.407,24.326,29.088,18.099,23.367,23.605,19.252,21.401,25.076,24.341,29.177,18.804,25.023,19.178,25.782,27.068,25.588,25.952,24.326,19.903,22.454
24.626,22.403,24.719,23.708,22.498,19.05,21.433,25.996,25.572,23.775,21.449,20.254,22.342,22.555,23.568,25.043,20.636,20.487,19.892,25.449,23.709,21.642,25.198,22.386,19.945,23.15,24.86,26.39,32.419,24.226,21.334,21.702,22.116,24.368,21.815,21.482,22.751,21.648,23.049,25.195,24.665,20.345,20.738,21.899,23.47,23.866,24.419,20.634,20.557,22.374,22.904,23.488,23.913,23.992,23.794,19.603,21.383,23.488,29.908,22.427,24.736,19.247,21.887,23.59,23.306,24.129,22.231,20.547,25.029,19.373,25.44,25.286,23.169,20.17,20.184,23.065,22.252,22.964,24.128,19.986,18.392,23.311,28.073,21.77,22.353,22.591,18.237,20.386,24.061,23.326,24.78,24.073,24.009,18.163,24.767,26.053,24.574,24.937,23.311,18.888,21.439
26.655,27.716,26.748,25.738,24.528,21.079,23.462,28.026,24.766,17.808,23.479,22.284,24.371,21.352,28.746,24.982,17.865,22.517,21.922,27.478,26.713,17.631,27.227,24.415,21.974,25.18,31.135,20.205,30.191,24.039,23.364,23.732,24.146,25.959,17.323,23.511,24.78,23.677,25.079,28.874,21.678,22.375,22.768,23.929,25.5,25.896,22.894,22.663,22.586,24.404,24.934,25.518,19.23,26.022,27.725,21.633,23.413,25.518,31.937,24.456,11.238,21.277,23.916,25.619,25.335,23.757,24.26,22.576,27.059,21.402,27.469,25.354,28.521,19.027,22.213,25.094,24.282,22.162,26.157,22.015,20.422,25.341,30.103,19.113,22.957,24.62,20.267,22.415,26.09,28.1,22.367,26.103,26.038,20.193,26.797,28.083,26.294,26.967,25.341,20.918,23.469
24.118,21.896,24.211,23.201,21.991,18.542,20.925,25.489,25.065,23.268,20.942,19.747,21.834,22.048,23.06,24.535,20.129,19.98,19.385,24.941,23.201,21.135,24.691,21.879,19.437,22.643,24.352,25.882,31.911,23.719,20.827,21.195,21.609,23.861,21.308,20.974,22.243,21.14,22.542,24.688,24.158,19.838,20.231,21.392,22.963,23.359,23.912,20.126,20.049,21.867,22.397,22.981,23.406,23.485,23.286,19.096,20.876,22.981,26.283,22.803,24.229,18.74,21.38,23.082,22.798,23.621,21.724,20.039,24.522,18.865,24.932,24.779,22.662,19.663,19.676,22.557,21.745,22.456,23.621,19.478,17.885,22.804,27.566,21.262,21.845,22.083,17.73,19.878,23.553,22.818,24.273,23.566,23.501,17.656,24.26,25.546,24.066,24.43,22.804,18.381,20.932
26.148,26.916,26.241,25.23,24.021,20.572,22.955,27.518,24.259,17.301,22.971,21.776,23.864,24.077,26.125,18.473,22.158,22.01,21.414,26.971,25.231,23.386,26.72,23.908,21.467,24.673,30.628,19.698,33.941,25.748,22.856,23.224,23.638,25.89,22.527,23.004,24.273,23.17,24.571,26.717,21.169,21.868,22.26,23.421,24.992,25.389,22.386,22.156,22.079,23.896,24.427,25.01,18.723,25.514,27.218,21.125,22.906,25.01,31.43,23.949,26.259,20.77,23.409,25.112,24.828,24.601,23.753,22.069,26.552,20.895,26.962,24.847,24.691,21.692,21.706,24.587,23.774,24.486,25.65,21.508,19.914,24.833,29.595,18.606,23.875,24.113,19.759,21.908,25.583,24.848,29.625,16.595,25.531,19.686,26.289,27.575,26.096,26.459,24.833,20.41,22.961
25.133,22.911,25.226,24.215,23.006,19.557,21.94,26.504,26.079,24.283,21.957,20.762,22.849,23.062,24.075,25.627,18.51,20.995,20.4,25.956,24.216,22.15,25.705,22.893,20.452,23.658,25.367,26.897,32.926,24.733,21.842,22.21,22.624,24.876,22.323,21.989,23.258,22.155,23.557,25.702,25.173,20.853,21.246,22.407,23.977,24.374,24.927,21.141,21.064,22.881,23.412,23.995,24.421,24.499,24.301,20.111,21.891,23.996,30.415,22.934,25.244,19.755,22.394,24.097,23.813,24.636,22.738,21.054,25.537,19.88,25.947,25.794,23.676,20.677,20.691,23.572,22.76,23.471,24.635,20.493,18.9,23.818,28.581,17.591,22.86,23.098,18.745,20.893,24.568,23.833,28.669,18.296,24.516,18.671,25.275,26.56,25.081,25.444,23.819,19.395,21.946
27.162,28.223,27.256,26.245,25.035,21.587,23.97,28.533,22.066,26.312,23.986,22.791,24.878,21.86,29.254,25.489,18.372,23.024,22.429,27.986,24.753,14.754,27.735,24.923,22.482,25.687,31.643,20.713,30.698,24.546,23.871,24.239,18.839,26.466,17.831,24.019,25.288,24.185,25.586,29.381,22.185,22.882,23.275,24.436,26.007,26.403,23.401,23.17,23.093,24.911,28.379,26.025,19.738,28.962,19.842,22.14,23.92,26.025,32.445,24.964,11.746,21.784,24.424,26.126,25.842,24.265,28.342,16.877,27.566,21.91,27.977,25.861,29.029,19.534,22.721,25.602,24.789,22.669,26.665,22.523,20.929,25.848,30.61,19.621,23.464,25.127,20.774,22.923,26.598,28.607,22.874,26.833,26.545,20.7,27.304,25.731,27.111,20.648,25.848,21.425,23.976
23.864,21.642,23.958,22.947,21.737,18.289,20.672,25.235,24.811,23.014,20.688,19.493,21.581,21.794,22.807,24.282,19.875,19.726,19.131,24.688,22.947,20.881,24.437,21.625,19.184,22.389,24.099,25.629,31.658,23.465,20.573,20.941,21.355,23.607,21.054,20.721,21.99,20.887,22.288,24.434,23.904,19.584,19.977,21.138,22.709,23.105,23.658,19.872,19.795,21.613,22.143,22.727,23.152,23.231,23.033,18.842,20.622,22.727,26.03,22.55,23.975,18.486,21.126,22.828,22.544,23.368,21.47,19.786,24.268,18.612,24.679,24.525,22.408,19.409,19.423,22.304,21.491,22.203,23.367,19.225,17.631,22.55,27.312,21.009,21.592,21.829,17.476,19.625,23.3,22.565,24.019,23.312,23.248,17.402,24.006,25.292,23.813,24.176,22.55,18.127,20.678
25.894,23.672,25.987,24.976,23.767,20.318,22.701,27.265,24.005,17.047,22.718,21.523,23.61,23.823,25.871,18.219,21.904,21.756,21.161,26.717,24.977,23.132,26.466,23.654,21.213,24.419,30.374,19.444,33.687,25.494,22.603,22.971,23.385,25.637,22.273,22.75,24.019,22.916,24.318,26.463,20.915,21.614,22.007,23.168,24.739,25.135,22.132,21.902,21.825,23.642,24.173,24.756,25.182,25.261,26.964,20.872,22.652,24.757,31.176,23.695,26.005,20.516,23.155,24.858,24.574,24.347,23.499,21.815,26.298,20.641,26.708,26.555,24.437,21.438,21.452,24.333,23.521,24.232,25.396,21.254,19.661,24.579,29.342,18.352,23.621,23.859,19.506,21.654,25.329,24.594,29.43,19.058,25.277,19.432,26.036,27.322,25.842,26.206,24.58,20.157,22.707
24.879,22.657,24.972,23.962,22.752,19.304,21.686,26.25,25.826,24.029,21.703,20.508,22.595,22.809,23.822,25.296,20.89,20.741,20.146,25.702,23.962,21.896,25.452,22.64,20.198,23.404,25.113,26.643,32.673,24.48,21.588,21.956,22.37,24.622,22.069,21.735,23.004,21.901,23.303,25.449,24.919,20.599,20.992,22.153,23.724,24.12,24.673,20.887,20.81,22.628,23.158,23.742,24.167,24.246,24.048,19.857,21.637,23.742,30.161,22.681,24.99,19.501,22.141,23.843,23.559,24.382,22.485,20.8,25.283,19.627,25.693,25.54,23.423,20.424,20.437,23.318,22.506,23.218,24.382,20.239,18.646,23.565,28.327,22.023,22.606,22.844,18.491,20.639,24.314,23.579,25.034,24.327,24.262,18.417,25.021,26.307,24.827,25.191,23.565,19.142,21.693
26.909,27.97,27.002,25.991,24.782,21.333,23.716,28.28,25.02,18.062,23.732,22.537,24.625,21.606,29,25.235,18.119,22.771,22.175,27.732,26.967,17.885,27.481,24.669,22.228,25.434,31.389,20.459,30.444,24.293,23.617,23.985,18.585,26.213,17.577,23.765,25.034,23.931,25.332,29.128,21.932,22.629,23.021,24.182,25.753,26.15,23.147,22.917,22.84,24.657,25.188,25.771,19.484,28.708,19.588,21.886,23.667,25.771,32.191,24.71,11.492,21.531,24.17,25.873,25.589,24.011,24.514,22.83,27.313,21.656,27.723,25.608,28.775,19.281,22.467,25.348,24.535,22.416,26.411,22.269,20.675,25.594,30.356,19.367,23.21,24.874,20.52,22.669,26.344,28.354,22.62,26.356,26.292,20.447,27.05,28.336,26.548,27.22,25.594,21.171,23.722
24.372,22.15,24.465,23.454,22.245,18.796,21.179,25.743,25.318,23.521,21.196,20.001,22.088,22.301,23.314,24.789,20.382,20.234,19.638,25.195,23.455,21.389,24.944,22.132,19.691,22.897,24.606,26.136,32.165,23.972,21.081,21.449,21.863,24.115,21.562,21.228,22.497,21.394,22.796,24.941,24.412,20.092,20.484,21.646,23.216,23.613,24.166,20.38,20.303,22.12,22.651,23.234,23.66,23.738,23.54,19.35,21.13,23.235,29.654,22.173,24.483,18.994,21.633,23.336,23.052,23.875,21.977,20.293,24.776,19.119,25.186,25.033,22.915,19.916,19.93,22.811,21.999,22.71,23.874,19.732,18.139,23.057,27.82,21.516,22.099,22.337,17.984,20.132,23.807,23.072,24.527,23.82,23.755,17.91,24.513,25.799,24.32,24.683,23.057,18.634,21.185
26.401,27.169,26.495,25.484,24.274,20.826,23.209,27.772,24.513,17.555,23.225,22.03,24.117,21.099,28.492,24.728,17.611,22.263,21.668,27.225,26.46,17.378,26.974,24.162,21.721,24.926,30.882,19.952,34.195,26.002,23.11,23.478,23.892,27.496,18.86,23.257,24.526,23.424,24.825,26.971,21.423,22.121,22.514,23.675,25.246,25.642,22.64,22.409,22.332,24.15,24.68,25.264,18.977,25.768,27.472,21.379,23.159,25.264,31.684,24.203,26.512,21.023,23.663,25.365,25.081,24.855,24.007,22.322,26.805,21.149,27.216,25.1,24.945,21.946,21.96,24.841,24.028,24.74,25.904,21.762,20.168,25.087,29.849,18.86,22.703,24.366,20.013,22.162,25.837,27.846,22.113,25.849,25.784,19.939,26.543,27.829,26.349,26.713,25.087,20.664,23.215
25.387,23.164,25.48,24.469,23.259,19.811,22.194,26.757,23.498,16.54,22.21,21.015,23.103,23.316,24.329,25.88,18.764,21.248,20.653,26.21,24.47,22.625,25.959,23.147,20.706,23.911,25.621,27.151,33.18,24.987,22.095,22.463,22.877,25.129,21.766,22.243,23.512,22.409,23.81,25.956,25.426,21.107,21.499,22.66,24.231,24.627,25.18,21.395,21.318,23.135,23.666,24.249,24.674,24.753,24.555,20.364,22.144,24.249,30.669,23.188,25.497,20.009,22.648,24.351,24.067,24.89,22.992,21.308,25.791,20.134,26.201,26.047,23.93,20.931,20.945,23.826,23.013,23.725,24.889,20.747,19.153,24.072,28.834,17.845,23.114,23.352,18.998,21.147,24.822,24.087,28.923,18.55,24.77,18.925,25.528,26.814,25.335,25.698,24.072,19.649,22.2
27.416,28.477,27.509,25.505,25.289,21.84,24.223,28.787,22.319,15.361,24.24,23.045,25.132,22.113,29.507,25.743,18.626,23.278,22.683,28.239,25.007,15.008,27.989,25.177,22.735,25.941,31.897,20.966,30.952,24.8,24.125,24.493,19.093,26.72,18.084,24.272,25.541,24.438,25.84,24.337,15.584,23.136,23.529,24.69,26.261,26.657,23.655,23.424,23.347,25.165,28.633,26.279,19.991,29.216,20.095,22.394,24.174,26.279,31.936,22.059,27.527,22.038,24.677,26.38,26.096,24.518,28.595,17.131,27.82,22.163,28.23,26.115,17.293,22.961,22.974,25.855,25.043,22.923,26.919,22.776,21.183,26.102,30.864,19.874,23.718,25.381,21.028,23.176,26.851,28.861,23.128,27.087,26.799,20.954,27.558,25.985,27.364,20.901,26.102,21.679,24.23
23.452,21.23,23.545,22.535,21.325,17.877,20.259,24.823,24.399,22.602,20.276,19.081,21.168,21.382,22.395,23.869,19.463,19.314,18.719,24.275,22.535,20.469,24.025,21.213,18.771,21.977,23.686,25.216,24.595,17.276,20.161,20.529,20.943,23.195,20.642,20.308,21.577,20.475,21.876,24.022,23.492,19.172,19.565,20.726,22.297,22.693,23.246,19.46,19.383,21.201,21.731,22.315,22.74,22.819,22.621,18.43,20.21,22.315,25.617,22.137,23.563,18.074,20.714,22.416,22.132,22.955,21.058,19.373,23.856,18.2,24.267,24.113,21.996,18.997,19.011,21.891,21.079,21.791,22.955,18.812,17.219,22.138,26.9,20.596,21.179,21.417,17.064,19.213,22.887,22.153,23.607,22.9,22.835,16.99,23.594,24.88,23.4,23.764,22.138,17.715,20.266
25.482,23.259,25.575,24.564,23.355,19.906,22.289,26.853,23.593,16.635,22.305,21.11,23.198,23.411,24.424,25.975,18.859,21.344,20.748,26.305,24.565,22.72,26.054,23.242,20.801,24.007,25.716,27.246,33.275,25.082,22.191,22.559,22.972,25.224,21.861,22.338,23.607,22.504,23.905,26.051,25.522,21.202,21.594,22.755,24.326,24.723,21.72,21.49,21.413,23.23,23.761,24.344,24.77,24.848,24.65,20.459,22.24,24.344,30.764,23.283,25.593,20.104,22.743,24.446,24.162,24.985,23.087,21.403,25.886,20.229,26.296,26.142,24.025,21.026,21.04,23.921,23.108,23.82,24.984,20.842,19.248,24.167,28.929,17.94,23.209,23.447,19.093,21.242,24.917,24.182,29.018,18.645,24.865,19.02,25.623,26.909,25.43,25.793,24.167,19.744,22.295
24.467,22.245,24.56,23.549,22.34,18.891,21.274,25.838,25.413,23.617,21.291,20.096,22.183,22.396,23.409,24.884,20.477,20.329,19.734,25.29,23.55,21.484,25.039,22.227,19.786,22.992,24.701,26.231,32.26,24.067,21.176,21.544,21.958,24.21,21.657,21.323,22.592,21.489,22.891,25.036,24.507,20.187,20.58,21.741,23.312,23.708,24.261,20.475,20.398,22.215,22.746,23.329,23.755,23.834,23.635,19.445,21.225,23.33,29.749,22.268,24.578,19.089,21.728,23.431,23.147,23.97,22.072,20.388,24.871,19.214,25.281,25.128,23.01,20.011,20.025,22.906,22.094,22.805,23.969,19.827,18.234,23.152,27.915,21.611,22.194,22.432,18.079,20.227,23.902,23.167,24.622,23.915,23.85,18.005,24.609,25.895,24.415,24.779,23.153,18.73,21.28
26.496,27.264,26.59,25.579,24.369,20.921,23.304,27.867,24.608,17.65,23.32,22.125,24.213,21.194,28.588,24.823,17.706,22.358,21.763,27.32,26.555,17.473,27.069,24.257,21.816,25.021,30.977,20.047,34.29,26.097,23.205,23.573,23.987,25.8,17.165,23.353,24.622,23.519,24.92,28.716,21.52,22.216,22.609,23.77,25.341,25.737,22.735,22.504,22.427,24.245,24.775,25.359,19.072,25.863,27.567,21.474,23.254,25.359,31.779,24.298,11.08,21.118,23.758,25.461,25.176,23.599,24.102,22.418,26.9,21.244,27.311,25.195,25.04,22.041,22.055,24.936,24.123,24.835,23.655,21.857,20.263,25.182,29.944,18.955,22.798,24.462,20.108,22.257,25.932,27.941,22.208,25.944,25.88,20.034,26.638,27.924,26.136,26.808,25.182,20.759,23.31
23.96,21.737,24.053,23.042,21.832,18.384,20.767,25.33,24.906,23.109,20.783,19.588,21.676,21.889,22.902,24.377,19.97,19.821,19.226,24.783,23.043,20.976,24.532,21.72,19.279,22.484,24.194,25.724,31.753,23.56,20.668,21.036,21.45,23.702,21.149,20.816,22.085,20.982,22.383,24.529,23.999,19.68,20.072,21.233,22.804,23.2,23.753,19.968,19.891,21.708,22.239,22.822,23.247,23.326,23.128,18.937,20.717,22.822,26.125,22.645,24.07,18.582,21.221,22.924,22.64,23.463,21.565,19.881,24.364,18.707,24.774,24.62,22.503,19.504,19.518,22.399,21.586,22.298,23.462,19.32,17.726,22.645,27.407,21.104,21.687,21.925,17.571,19.72,23.395,22.66,24.114,23.407,23.343,17.498,24.101,25.387,23.908,24.271,22.645,18.222,20.773
25.989,23.767,26.082,25.072,23.862,20.413,22.796,27.36,24.101,17.142,22.813,21.618,23.705,23.919,25.966,18.315,21.999,21.851,21.256,26.812,25.072,23.227,26.562,23.75,21.308,24.514,30.47,19.539,33.782,25.589,22.698,23.066,23.48,25.732,22.368,22.845,24.114,23.011,24.413,26.559,21.011,21.709,22.102,23.263,24.834,25.23,22.228,21.997,21.92,23.738,24.268,24.852,18.564,25.356,27.059,20.967,22.747,24.852,31.271,23.791,26.1,20.611,23.251,24.953,24.669,24.443,23.595,21.91,26.393,20.736,26.803,26.65,24.533,21.534,21.547,24.428,23.616,24.327,25.492,21.349,19.756,24.675,29.437,18.447,23.716,23.954,19.601,21.749,25.424,24.689,29.525,19.153,25.372,19.527,26.131,27.417,25.937,26.301,24.675,20.252,22.803
24.974,22.752,25.068,24.057,22.847,19.399,21.782,26.345,25.921,24.124,21.798,20.603,22.69,22.904,23.917,25.468,18.351,20.836,20.241,25.798,24.057,21.991,25.547,22.735,20.294,23.499,25.208,26.739,32.768,24.575,21.683,22.051,22.465,24.717,22.164,21.83,23.099,21.997,23.398,25.544,25.014,20.694,21.087,22.248,23.819,24.215,24.768,20.982,20.905,22.723,23.253,23.837,24.262,24.341,24.143,19.952,21.732,23.837,30.257,22.776,25.085,19.596,22.236,23.938,23.654,24.478,22.58,20.895,25.378,19.722,25.789,25.635,23.518,20.519,20.533,23.414,22.601,23.313,24.477,20.335,18.741,23.66,28.422,22.118,22.701,22.939,18.586,20.735,24.41,23.675,25.129,24.422,24.357,18.512,25.116,26.402,24.922,25.286,23.66,19.237,21.788
27.004,28.065,27.097,26.086,24.877,21.428,23.811,28.375,25.115,18.157,23.828,22.633,24.72,21.701,29.095,25.33,18.214,22.866,22.27,27.827,24.595,14.595,27.576,24.764,22.323,25.529,31.484,20.554,30.54,24.388,23.713,24.081,18.68,26.308,17.672,23.86,25.129,24.026,25.428,29.223,22.027,22.724,23.116,24.278,25.848,26.245,23.242,23.012,22.935,24.752,28.221,25.866,19.579,28.804,19.683,21.982,23.762,25.867,32.286,24.805,11.587,21.626,24.265,25.968,25.684,24.106,28.235,18.819,27.408,21.751,27.818,25.703,28.87,19.376,22.562,25.443,24.631,22.511,26.506,22.364,20.771,25.689,30.452,19.462,23.305,24.969,20.616,22.764,26.439,28.449,22.716,26.452,26.387,20.542,27.146,28.104,15.73,27.315,25.689,21.266,23.817
23.706,21.484,23.799,22.788,21.579,18.13,20.513,25.077,24.652,22.856,20.53,19.335,21.422,21.635,22.648,24.123,19.716,19.568,18.973,24.529,22.789,20.723,24.278,21.466,19.025,22.231,23.94,25.47,31.499,23.306,20.415,20.783,21.197,23.449,20.896,20.562,21.831,20.728,22.13,24.275,23.746,19.426,19.819,20.98,22.55,22.947,23.5,19.714,19.637,21.454,21.985,22.568,22.994,23.072,22.874,18.684,20.464,22.569,25.871,22.391,23.817,18.328,20.967,22.67,22.386,23.209,21.311,19.627,24.11,18.453,24.52,24.367,22.249,19.25,19.264,22.145,21.333,22.044,23.208,19.066,17.473,22.391,27.154,20.85,21.433,21.671,17.318,19.466,23.141,22.406,23.861,23.154,23.089,17.244,23.848,25.133,23.654,24.017,22.392,17.968,20.519
25.735,23.513,25.829,24.818,23.608,20.16,22.543,27.106,23.847,16.889,22.559,21.364,23.451,23.665,25.712,18.061,21.746,21.597,21.002,26.559,24.818,22.974,26.308,23.496,21.055,24.26,25.969,27.5,33.529,25.336,22.444,22.812,23.226,25.478,22.115,22.592,23.861,22.758,24.159,26.305,20.757,21.455,21.848,23.009,24.58,24.976,21.974,21.743,21.666,23.484,24.014,24.598,25.023,25.102,26.806,20.713,22.493,24.598,31.018,23.537,25.846,20.357,22.997,24.699,24.415,24.189,23.341,21.656,26.139,20.483,26.55,26.396,24.279,21.28,21.294,24.175,23.362,24.074,25.238,21.096,19.502,24.421,29.183,18.194,23.462,23.7,19.347,21.496,25.171,24.436,29.272,18.899,25.118,19.273,25.877,27.163,25.684,26.047,24.421,19.998,22.549
24.721,22.498,24.814,23.803,22.594,19.145,21.528,26.091,25.667,23.87,21.544,20.349,22.437,22.65,23.663,25.138,20.731,20.583,19.987,25.544,23.804,21.737,25.293,22.481,20.04,23.246,24.955,26.485,32.514,24.321,21.429,21.797,22.211,24.463,21.91,21.577,22.846,21.743,23.144,25.29,24.761,20.441,20.833,21.994,23.565,23.962,24.514,20.729,20.652,22.469,23,23.583,24.008,24.087,23.889,19.698,21.479,23.583,30.003,22.522,24.832,19.343,21.982,23.685,23.401,24.224,22.326,20.642,25.125,19.468,25.535,25.381,23.264,20.265,20.279,23.16,22.347,23.059,24.223,20.081,18.487,23.406,28.168,21.865,22.448,22.686,18.332,20.481,24.156,23.421,24.875,24.168,24.104,18.259,24.862,26.148,24.669,25.032,23.406,18.983,21.534
26.75,27.811,26.843,25.833,24.623,21.174,23.557,28.121,24.862,17.903,23.574,22.379,24.466,21.447,28.841,25.077,17.96,22.612,22.017,27.573,26.809,17.726,27.323,24.511,22.069,25.275,31.231,20.3,30.286,24.134,23.459,23.827,24.241,26.054,17.418,23.606,24.875,23.772,25.174,28.969,21.773,22.47,22.863,24.024,25.595,25.991,22.989,22.758,22.681,24.499,25.029,25.613,19.326,28.55,19.429,21.728,23.508,25.613,32.032,24.552,11.334,21.372,24.012,25.714,25.43,23.852,24.356,22.671,27.154,21.497,27.564,25.449,28.616,19.122,22.308,25.189,24.377,22.257,26.253,22.11,20.517,25.436,30.198,19.209,23.052,24.715,20.362,22.51,26.185,28.195,22.462,26.198,26.133,20.288,26.892,28.178,26.389,27.062,25.436,21.013,23.564
24.213,21.991,24.306,23.296,22.086,18.638,21.02,25.584,25.16,23.363,21.037,19.842,21.929,22.143,23.156,24.63,20.224,20.075,19.48,25.037,23.296,21.23,24.786,21.974,19.532,22.738,24.447,25.977,32.007,23.814,20.922,21.29,21.704,23.956,21.403,21.069,22.338,21.236,22.637,24.783,24.253,19.933,20.326,21.487,23.058,23.454,24.007,20.221,20.144,21.962,22.492,23.076,23.501,23.58,23.382,19.191,20.971,23.076,26.379,22.898,24.324,18.835,21.475,23.177,22.893,23.716,21.819,20.134,24.617,18.961,25.028,24.874,22.757,19.758,19.772,22.652,21.84,22.552,23.716,19.574,17.98,22.899,27.661,21.357,21.94,22.178,17.825,19.974,23.649,22.914,24.368,23.661,23.596,17.751,24.355,25.641,24.161,24.525,22.899,18.476,21.027
26.243,27.011,26.336,25.325,24.116,20.667,23.05,27.614,24.354,17.396,23.066,21.871,23.959,24.172,26.22,18.568,22.253,22.105,21.509,27.066,25.326,23.481,26.815,24.003,21.562,24.768,30.723,19.793,34.036,25.843,22.952,23.32,23.734,25.985,22.622,23.099,24.368,23.265,24.666,26.812,21.264,21.963,22.355,23.517,25.087,25.484,22.481,22.251,22.174,23.991,24.522,25.105,18.818,25.609,27.313,21.22,23.001,25.105,31.525,24.044,26.354,20.865,23.504,25.207,24.923,24.696,23.848,22.164,26.647,20.99,27.057,24.942,24.786,21.787,21.801,24.682,23.869,24.581,25.745,21.603,20.009,24.928,29.691,18.701,22.544,24.208,19.855,22.003,25.678,24.943,29.72,16.69,25.626,19.781,26.384,27.67,26.191,26.554,24.928,20.505,23.056
25.228,23.006,25.321,24.311,23.101,19.652,22.035,26.599,26.175,24.378,22.052,20.857,22.944,23.158,24.17,25.722,18.605,21.09,20.495,26.051,24.311,22.245,25.8,22.988,20.547,23.753,25.462,26.992,33.021,24.828,21.937,22.305,22.719,24.971,22.418,22.084,23.353,22.25,23.652,25.798,25.268,20.948,21.341,22.502,24.073,24.469,25.022,21.236,21.159,22.977,23.507,24.091,24.516,24.595,24.396,20.206,21.986,24.091,30.51,23.029,25.339,19.85,22.489,24.192,23.908,24.731,22.833,21.149,25.632,19.975,26.042,25.889,23.772,20.773,20.786,23.667,22.855,23.566,24.73,20.588,18.995,23.914,28.676,17.686,22.955,23.193,18.84,20.988,24.663,23.928,28.764,18.392,24.611,18.766,25.37,26.656,25.176,25.54,23.914,19.491,22.042
27.258,28.318,27.351,26.34,25.13,21.682,24.065,28.628,22.161,26.407,24.081,22.886,24.974,21.955,29.349,25.584,18.467,23.119,22.524,28.081,24.849,14.849,27.83,25.018,22.577,25.782,31.738,20.808,30.793,24.641,23.966,24.334,18.934,26.561,17.926,24.114,25.383,24.28,25.681,24.178,15.426,22.977,23.37,24.531,26.102,26.498,23.496,23.266,23.189,25.006,28.475,26.12,19.833,29.057,19.937,22.235,24.015,26.12,31.777,21.901,27.368,21.879,24.519,26.222,25.938,24.36,28.437,16.972,27.662,22.005,28.072,25.956,29.124,19.63,22.816,25.697,24.884,22.764,26.76,22.618,21.024,25.943,30.705,19.716,23.559,25.223,20.869,23.018,26.693,28.702,22.969,26.929,26.641,20.795,27.399,25.826,27.206,20.743,25.943,21.52,24.071
23.579,21.357,23.672,22.662,21.452,18.003,20.386,24.95,24.526,22.729,20.403,19.208,21.295,21.509,22.521,23.996,19.589,19.441,18.846,24.402,22.662,20.596,24.152,21.34,18.898,22.104,23.813,25.343,24.721,17.403,20.288,20.656,21.07,23.322,20.769,20.435,21.704,20.601,22.003,24.149,23.619,19.299,19.692,20.853,22.424,22.82,23.373,19.587,19.51,21.328,21.858,22.442,22.867,22.946,22.747,18.557,20.337,22.442,25.744,22.264,23.69,18.201,20.84,22.543,22.259,23.082,21.184,19.5,23.983,18.326,24.393,24.24,22.123,19.124,19.137,22.018,21.206,21.917,23.082,18.939,17.346,22.265,27.027,20.723,21.306,21.544,17.191,19.339,23.014,22.279,23.734,23.027,22.962,17.117,23.721,25.007,23.527,23.891,22.265,17.842,20.393
25.609,23.386,25.702,24.691,23.481,20.033,22.416,26.979,23.72,16.762,22.432,21.237,23.325,23.538,24.551,26.102,18.986,21.47,20.875,26.432,24.692,22.847,26.181,23.369,20.928,24.133,25.843,27.373,33.402,25.209,22.317,22.685,23.099,25.351,21.988,22.465,23.734,22.631,24.032,26.178,25.648,21.328,21.721,22.882,24.453,24.849,21.847,21.617,21.54,23.357,23.888,24.471,24.896,24.975,24.777,20.586,22.366,24.471,30.891,23.41,25.719,20.231,22.87,24.573,24.289,26.197,23.214,21.53,26.013,20.356,26.423,26.269,24.152,21.153,21.167,24.048,23.235,23.947,25.111,20.969,19.375,24.294,29.056,18.067,23.336,23.574,19.22,21.369,25.044,24.309,29.145,18.772,24.992,19.147,25.75,27.036,25.557,25.92,24.294,19.871,22.422
24.594,22.372,24.687,23.676,22.467,19.018,21.401,25.965,25.54,23.743,21.418,20.223,22.31,22.523,23.536,25.011,20.604,20.456,19.86,25.417,23.677,21.611,25.166,22.354,19.913,23.119,24.828,26.358,32.387,24.194,21.303,21.671,22.085,24.337,21.784,21.45,22.719,21.616,23.018,25.163,24.634,20.314,20.706,21.868,23.438,23.835,24.388,20.602,20.525,22.342,22.873,23.456,23.882,23.96,23.762,19.572,21.352,23.456,29.876,22.395,24.705,19.216,21.855,23.558,23.274,24.097,22.199,20.515,24.998,19.341,25.408,25.255,23.137,20.138,20.152,23.033,22.221,22.932,24.096,19.954,18.361,23.279,28.042,21.738,22.321,22.559,18.206,20.354,24.029,23.294,24.749,24.042,23.977,18.132,24.735,26.021,24.542,24.905,23.279,18.856,21.407
26.623,27.391,26.717,25.706,24.496,21.048,23.43,27.994,24.735,17.777,23.447,22.252,24.339,21.321,28.714,24.95,17.833,22.485,21.89,27.447,26.682,17.6,27.196,24.384,21.943,25.148,31.104,20.174,30.159,24.007,23.332,23.7,24.114,25.927,17.291,23.479,24.748,23.646,25.047,28.842,21.646,22.343,22.736,23.897,25.468,25.864,22.862,22.631,22.554,24.372,24.902,25.486,19.199,25.99,27.694,21.601,23.381,25.486,31.906,24.425,11.207,21.245,23.885,25.587,25.303,23.726,24.229,22.544,27.027,21.371,27.438,25.322,28.49,18.995,22.182,25.063,24.25,27.424,17.179,21.984,20.39,25.309,30.071,19.082,22.925,24.588,20.235,22.384,26.059,28.068,22.335,26.071,26.006,20.161,26.765,28.051,26.263,26.935,25.309,20.886,23.437
24.086,21.864,24.18,23.169,21.959,18.511,20.894,25.457,25.033,23.236,20.91,19.715,21.802,22.016,23.029,24.504,20.097,19.948,19.353,24.91,23.169,21.103,24.659,21.847,19.406,22.611,24.32,25.851,31.88,23.687,20.795,21.163,21.577,23.829,21.276,20.943,22.212,21.109,22.51,24.656,24.126,19.806,20.199,21.36,22.931,23.327,23.88,20.094,20.017,21.835,22.365,22.949,23.374,23.453,23.255,19.064,20.844,22.949,26.252,22.771,24.197,18.708,21.348,23.05,22.766,23.59,21.692,20.008,24.49,18.834,24.901,24.747,22.63,19.631,19.645,22.526,21.713,22.425,23.589,19.447,17.853,22.772,27.534,21.231,21.813,22.051,17.698,19.847,23.522,22.787,24.241,23.534,23.47,17.624,24.228,25.514,24.035,24.398,22.772,18.349,20.9
26.116,23.894,26.209,25.198,23.989,20.54,22.923,27.487,24.227,17.269,22.94,21.745,23.832,24.045,26.093,18.441,22.126,21.978,21.383,26.939,25.199,23.354,26.688,23.876,21.435,24.641,30.596,19.666,33.909,25.716,22.825,23.193,23.607,25.859,22.495,22.972,24.241,23.138,24.54,26.685,21.137,21.836,22.229,23.39,24.961,25.357,22.354,22.124,22.047,23.864,24.395,24.978,18.691,25.483,27.186,21.094,22.874,24.979,31.398,23.917,26.227,20.738,23.377,25.08,24.796,24.569,23.721,22.037,26.52,20.863,26.93,24.815,24.659,21.66,21.674,24.555,23.743,24.454,25.618,21.476,19.883,24.801,29.564,18.574,23.843,24.081,19.728,21.876,25.551,24.816,29.594,16.563,25.499,19.654,26.258,27.543,26.064,26.428,24.802,20.379,22.929
25.101,22.879,25.194,24.184,22.974,19.526,21.908,26.472,26.048,24.251,21.925,20.73,22.817,23.031,24.044,25.595,18.478,20.963,20.368,25.924,24.184,22.118,25.674,22.862,20.42,23.626,25.335,26.865,32.895,24.702,21.81,22.178,22.592,24.844,22.291,21.957,23.226,22.123,23.525,25.671,25.141,20.821,21.214,22.375,23.946,24.342,24.895,21.109,21.032,22.85,23.38,23.964,24.389,24.468,24.27,20.079,21.859,23.964,30.383,22.903,25.212,19.723,22.363,24.065,23.781,24.604,22.707,21.022,25.505,19.848,25.915,25.762,23.645,20.646,20.659,23.54,22.728,23.44,24.604,20.461,18.868,23.787,28.549,17.56,22.828,23.066,18.713,20.861,24.536,23.801,28.637,18.265,24.484,18.639,25.243,26.529,25.049,25.413,23.787,19.364,21.915
27.131,28.192,27.224,26.213,25.004,21.555,23.938,28.501,22.034,26.28,23.954,22.759,24.847,21.828,29.222,25.457,18.34,22.993,22.397,27.954,24.722,14.722,27.703,24.891,22.45,25.656,31.611,20.681,30.666,24.515,23.839,24.207,18.807,26.434,17.799,23.987,25.256,24.153,25.554,29.35,22.154,22.851,23.243,24.404,25.975,26.372,23.369,23.139,23.062,24.879,28.348,25.993,19.706,28.93,19.81,22.108,23.889,25.993,32.413,24.932,11.714,21.753,24.392,26.095,25.811,24.233,28.361,18.946,27.535,21.878,27.945,25.83,28.997,19.503,22.689,25.57,24.757,22.638,26.633,22.491,20.897,25.816,30.578,19.589,23.432,25.096,20.742,22.891,26.566,28.576,22.842,26.802,26.514,20.669,27.272,25.7,27.079,27.442,25.816,21.393,23.944
23.833,21.611,23.926,22.915,21.706,18.257,20.64,25.204,24.779,22.982,20.656,19.461,21.549,21.762,22.775,24.25,19.843,19.695,19.099,24.656,22.916,20.85,24.405,21.593,19.152,22.358,24.067,25.597,31.626,23.433,20.542,20.91,21.324,23.575,21.023,20.689,21.958,20.855,22.256,24.402,23.873,19.553,19.945,21.106,22.677,23.074,23.627,19.841,19.764,21.581,22.112,22.695,23.121,23.199,23.001,18.81,20.591,22.695,25.998,22.518,23.944,18.455,21.094,22.797,22.513,23.336,21.438,19.754,24.237,18.58,24.647,24.493,22.376,19.377,19.391,22.272,21.459,22.171,23.335,19.193,17.599,22.518,27.281,20.977,21.56,21.798,17.444,19.593,23.268,22.533,23.988,23.28,23.216,17.371,23.974,25.26,23.781,24.144,22.518,18.095,20.646
25.862,23.64,25.955,24.945,23.735,20.287,22.669,27.233,23.974,17.015,22.686,21.491,23.578,23.792,25.839,18.188,21.873,21.724,21.129,26.686,24.945,23.101,26.435,23.623,21.181,24.387,30.343,19.413,33.656,25.463,22.571,22.939,23.353,25.605,22.241,22.718,23.987,22.885,24.286,26.432,20.884,21.582,21.975,23.136,24.707,25.103,22.101,21.87,21.793,23.611,24.141,24.725,25.15,25.229,26.933,20.84,22.62,24.725,31.145,23.664,25.973,20.484,23.124,24.826,24.542,24.316,23.468,21.783,26.266,20.61,26.677,26.523,24.406,21.407,21.421,24.301,23.489,24.201,25.365,21.223,19.629,24.548,29.31,18.321,23.589,23.827,19.474,21.623,25.297,24.563,29.399,19.026,25.245,19.4,26.004,27.29,25.81,26.174,24.548,20.125,22.676
24.848,22.625,24.941,23.93,22.72,19.272,21.655,26.218,25.794,23.997,21.671,20.476,22.564,22.777,23.79,25.265,20.858,20.709,20.114,25.671,23.931,21.864,25.42,22.608,20.167,23.372,25.082,26.612,32.641,24.448,21.556,21.924,22.338,24.59,22.037,21.704,22.973,21.87,23.271,25.417,24.887,20.567,20.96,22.121,23.692,24.088,24.641,20.856,20.778,22.596,23.126,23.71,24.135,24.214,24.016,19.825,21.605,23.71,30.13,22.649,24.958,19.469,22.109,23.812,23.528,24.351,22.453,20.769,25.251,19.595,25.662,25.508,23.391,20.392,20.406,23.287,22.474,23.186,24.35,20.208,18.614,23.533,28.295,21.992,22.575,22.813,18.459,20.608,24.283,23.548,25.002,24.295,24.231,18.385,24.989,26.275,24.796,25.159,23.533,19.11,21.661
26.877,27.938,26.97,25.96,24.75,21.301,23.684,28.248,24.988,18.03,23.701,22.506,24.593,21.574,28.968,25.204,18.087,22.739,22.144,27.7,26.935,17.853,27.449,24.637,22.196,25.402,31.357,20.427,30.413,24.261,23.586,23.954,18.554,26.181,17.545,23.733,25.002,23.899,25.301,29.096,21.9,22.597,22.99,24.151,25.722,26.118,23.116,22.885,22.808,24.626,25.156,25.739,19.452,28.677,19.556,21.855,23.635,25.74,32.159,24.678,11.46,21.499,24.138,25.841,25.557,23.979,24.482,22.798,27.281,21.624,27.691,25.576,28.743,19.249,22.435,25.316,24.504,22.384,26.379,22.237,20.644,25.563,30.325,19.335,23.179,24.842,20.489,22.637,26.312,28.322,22.589,26.325,26.26,20.415,27.019,28.305,26.516,27.189,25.563,21.14,23.69
24.34,22.118,24.433,23.423,22.213,18.764,21.147,25.711,25.287,23.49,21.164,19.969,22.056,22.27,23.282,24.757,20.35,20.202,19.607,25.163,23.423,21.357,24.913,22.101,19.659,22.865,24.574,26.104,32.133,23.941,21.049,21.417,21.831,24.083,21.53,21.196,22.465,21.362,22.764,24.91,24.38,20.06,20.453,21.614,23.185,23.581,24.134,20.348,20.271,22.089,22.619,23.203,23.628,23.707,23.508,19.318,21.098,23.203,29.622,22.142,24.451,18.962,21.602,23.304,23.02,23.843,21.946,20.261,24.744,19.087,25.154,25.001,22.884,19.885,19.898,22.779,21.967,22.678,23.843,19.7,18.107,23.026,27.788,21.484,22.067,22.305,17.952,20.1,23.775,23.04,24.495,23.788,23.723,17.878,24.482,25.768,24.288,24.652,23.026,18.603,21.154
26.37,27.138,26.463,25.452,24.243,20.794,23.177,27.74,24.481,17.523,23.193,21.998,24.086,21.067,28.461,24.696,17.579,22.232,21.636,27.193,26.428,17.346,26.942,24.13,21.689,24.895,30.85,19.92,34.163,25.97,23.078,23.446,23.86,26.112,22.749,23.226,24.495,23.392,24.793,26.939,21.391,22.09,22.482,23.643,25.214,25.611,22.608,22.378,22.301,24.118,24.649,25.232,18.945,25.736,27.44,21.347,23.128,25.232,31.652,24.171,26.48,20.992,23.631,25.334,25.05,24.823,23.975,22.291,26.774,21.117,27.184,25.069,24.913,21.914,21.928,24.809,23.996,24.708,25.872,21.73,20.136,25.055,29.817,18.828,22.671,24.335,19.981,22.13,25.805,27.815,22.081,25.817,25.753,19.908,26.511,27.797,26.318,26.681,25.055,20.632,23.183
25.355,23.133,25.448,24.437,23.228,19.779,22.162,26.726,23.466,16.508,22.179,20.984,23.071,23.284,24.297,25.849,18.732,21.217,20.622,26.178,24.438,22.372,25.927,23.115,20.674,23.88,25.589,27.119,33.148,24.955,22.064,22.432,22.846,25.098,21.734,22.211,23.48,22.377,23.779,25.924,25.395,21.075,21.468,22.629,24.199,24.596,25.149,21.363,21.286,23.103,23.634,24.217,24.643,24.721,24.523,20.333,22.113,24.218,30.637,23.156,25.466,19.977,22.616,24.319,24.035,24.858,22.96,21.276,25.759,20.102,26.169,26.016,23.898,20.899,20.913,23.794,22.982,23.693,24.857,20.715,19.122,24.04,28.803,17.813,23.082,23.32,18.967,21.115,24.79,24.055,28.891,18.518,24.738,18.893,25.497,26.782,25.303,25.666,24.041,19.617,22.168
27.384,28.445,27.478,25.473,25.257,21.809,24.192,28.755,22.288,15.329,24.208,23.013,25.1,22.082,29.475,25.711,18.594,23.246,22.651,28.208,24.975,14.976,27.957,25.145,22.704,25.909,31.865,20.935,30.92,24.768,24.093,24.461,19.061,26.688,18.053,24.241,25.51,24.407,25.808,24.305,15.553,23.104,23.497,24.658,26.229,26.625,23.623,23.392,23.315,25.133,28.601,26.247,19.96,29.184,20.064,22.362,24.142,26.247,31.904,22.028,27.495,22.006,24.646,26.348,26.064,24.487,28.564,17.099,27.788,22.132,28.199,26.083,17.261,22.929,22.943,25.824,25.011,22.891,26.887,22.745,21.151,26.07,30.832,19.843,23.686,25.349,20.996,23.145,26.82,28.829,23.096,27.055,26.767,20.922,27.526,25.953,27.332,20.87,26.07,21.647,24.198
23.516,21.293,23.609,22.598,21.389,17.94,20.323,24.886,24.462,22.665,20.339,19.144,21.232,21.445,22.458,23.933,19.526,19.378,18.782,24.339,22.599,20.532,24.088,21.276,18.835,22.041,23.75,25.28,24.658,17.339,20.224,20.592,21.006,23.258,20.705,20.372,21.641,20.538,21.939,24.085,23.556,19.236,19.628,20.789,22.36,22.757,23.309,19.524,19.447,21.264,21.795,22.378,22.803,22.882,22.684,18.493,20.274,22.378,25.681,22.201,23.627,18.138,20.777,22.48,22.196,23.019,21.121,19.437,23.92,18.263,24.33,24.176,22.059,19.06,19.074,21.955,21.142,21.854,23.018,18.876,17.282,22.201,26.963,20.66,21.243,21.481,17.127,19.276,22.951,22.216,23.67,22.963,22.899,17.054,23.657,24.943,23.464,23.827,22.201,17.778,20.329
25.545,23.323,25.638,24.628,23.418,19.969,22.352,26.916,23.657,16.698,22.369,21.174,23.261,23.475,24.487,26.039,18.922,21.407,20.812,26.368,24.628,22.784,26.118,23.306,20.864,24.07,25.779,27.309,33.338,25.146,22.254,22.622,23.036,25.288,21.924,22.401,23.67,22.567,23.969,26.115,25.585,21.265,21.658,22.819,24.39,24.786,21.784,21.553,21.476,23.294,23.824,24.408,24.833,24.912,24.713,20.523,22.303,24.408,30.827,23.347,25.656,20.167,22.807,24.509,24.225,25.048,23.151,21.466,25.949,20.292,26.359,26.206,24.089,21.09,21.103,23.984,23.172,23.883,25.048,20.905,19.312,24.231,28.993,18.004,23.272,23.51,19.157,21.305,24.98,24.245,29.081,18.709,24.928,19.083,25.687,26.973,25.493,25.857,24.231,19.808,22.359
24.53,22.308,24.624,23.613,22.403,18.955,21.338,25.901,25.477,23.68,21.354,20.159,22.246,22.46,23.473,24.947,20.541,20.392,19.797,25.354,23.613,21.547,25.103,22.291,19.85,23.055,24.764,26.295,32.324,24.131,21.239,21.607,22.021,24.273,21.72,21.387,22.656,21.553,22.954,25.1,24.57,20.25,20.643,21.804,23.375,23.771,24.324,20.538,20.461,22.279,22.809,23.393,23.818,23.897,23.699,19.508,21.288,23.393,29.813,22.332,24.641,19.152,21.792,23.494,23.21,24.034,22.136,20.451,24.934,19.278,25.345,25.191,23.074,20.075,20.089,22.97,22.157,22.869,24.033,19.891,18.297,23.216,27.978,21.674,22.257,22.495,18.142,20.291,23.966,23.231,24.685,23.978,23.913,18.068,24.672,25.958,24.479,24.842,23.216,18.793,21.344
26.56,27.328,26.653,25.642,24.433,20.984,23.367,27.931,24.671,17.713,23.384,22.189,24.276,21.257,28.651,24.886,17.77,22.422,21.827,27.383,26.618,17.536,27.132,24.32,21.879,25.085,31.04,20.11,30.096,23.944,23.269,23.637,24.051,25.864,17.228,23.416,24.685,23.582,24.984,28.779,21.583,22.28,22.673,23.834,25.404,25.801,22.798,22.568,22.491,24.308,24.839,25.422,19.135,25.926,27.63,21.538,23.318,25.423,31.842,24.361,11.143,21.182,23.821,25.524,25.24,23.662,24.165,22.481,26.964,21.307,27.374,25.259,28.426,18.932,22.118,24.999,24.187,24.898,23.718,21.92,20.327,25.245,30.008,19.018,22.861,24.525,20.172,22.32,25.995,28.005,22.272,26.008,25.943,20.098,26.702,27.987,26.199,26.871,25.246,20.822,23.373
24.023,21.801,24.116,23.106,21.896,18.447,20.83,25.394,24.969,23.173,20.847,19.652,21.739,21.953,22.965,24.44,20.033,19.885,19.29,24.846,23.106,21.04,24.595,21.783,19.342,22.548,24.257,25.787,31.816,23.623,20.732,21.1,21.514,23.766,21.213,20.879,22.148,21.045,22.447,24.593,24.063,19.743,20.136,21.297,22.868,23.264,23.817,20.031,19.954,21.772,22.302,22.886,23.311,23.39,23.191,19.001,20.781,22.886,26.188,22.708,24.134,18.645,21.284,22.987,22.703,23.526,21.628,19.944,24.427,18.77,24.837,24.684,22.567,19.568,19.581,22.462,21.65,22.361,23.525,19.383,17.79,22.709,27.471,21.167,21.75,21.988,17.635,19.783,23.458,22.723,24.178,23.471,23.406,17.561,24.165,25.451,23.971,24.335,22.709,18.286,20.836
26.053,23.83,26.146,25.135,23.925,20.477,22.86,27.423,24.164,17.206,22.876,21.681,23.769,23.982,26.029,18.378,22.063,21.914,21.319,26.876,25.136,23.291,26.625,23.813,21.372,24.577,30.533,19.603,33.846,25.653,22.761,23.129,23.543,25.795,22.432,22.909,24.178,23.075,24.476,26.622,21.074,21.772,22.165,23.326,24.897,25.293,22.291,22.061,21.984,23.801,24.331,24.915,18.628,25.419,27.123,21.03,22.81,24.915,31.335,23.854,26.163,20.674,23.314,25.017,24.733,24.506,23.658,21.974,26.456,20.8,26.867,26.713,24.596,21.597,21.611,24.492,23.679,24.391,25.555,21.413,19.819,24.738,29.5,18.511,23.78,24.018,19.664,21.813,25.488,24.753,29.589,19.216,25.436,19.59,26.194,27.48,26.001,26.364,24.738,20.315,22.866
