24.435,22.213,24.528,23.518,22.308,18.86,21.242,25.806,25.382,23.585,21.259,20.064,22.151,22.365,23.378,24.852,20.446,20.297,19.702,25.259,23.518,21.452,25.008,22.196,19.754,22.96,24.669,26.199,34.17,35.595,35.763,36.717,36.598,39.688,40.764,40.24,43.405,41.542,37.333,38.214,39.198,42.76,43.557,44.479,46.069,41.933,43.622,45.068,42.734,43.955,45.925,44.006,39.947,40.557,41.25,36.572,38.247,38.957,42.664,42.762,40.224,36.258,40.559,40.969,35.796,38.044,35.578,34.423,35.05,30.828,32.226,30.633,31.562,30.263,29.815,31.363,27.536,27.469,26.568,26.68,27.486,26.376,28.276,24.205,24.476,25.827,22.037,21.132,20.645,18.903,21.251,18.861,18.75,14.785,16.53,20.72,17.969,16.139,10.335,10.643,11.743
26.465,28.568,27.105,27.401,28.384,25.757,27.419,27.096,28.46,30.859,30.627,27.798,32.018,28.927,29.087,30.939,33.213,32.529,32.354,33.296,32.407,32.407,29.424,25.695,27.309,25.734,30.323,29.589,34.817,36.242,36.41,37.364,37.245,40.334,41.41,40.886,44.052,42.188,37.98,38.861,39.845,43.407,44.204,45.125,46.716,42.58,44.269,45.714,43.381,44.601,46.572,44.653,40.594,41.203,41.897,37.218,38.894,39.603,43.311,43.408,40.87,36.905,41.206,41.616,36.442,38.69,36.224,35.069,35.696,31.474,32.872,31.28,32.208,30.91,30.462,32.01,28.183,28.116,27.214,27.326,28.132,27.023,28.923,24.852,25.122,26.473,22.684,21.779,21.292,19.55,21.897,19.507,19.397,15.431,17.176,21.366,18.615,16.786,10.981,11.29,12.389
23.928,21.706,24.021,23.01,21.801,18.352,20.735,25.299,24.874,23.078,20.752,19.557,21.644,21.857,22.87,24.345,19.938,19.79,19.195,24.751,23.011,20.945,24.5,21.688,19.247,22.453,24.162,25.692,33.663,35.088,35.256,36.21,36.091,39.18,40.256,39.732,42.898,41.034,36.826,37.707,38.691,42.253,43.05,43.971,45.562,41.426,43.115,44.56,42.227,43.447,45.418,43.499,39.44,40.049,40.743,36.064,37.74,38.449,42.157,42.254,39.716,35.751,40.052,40.462,35.288,37.536,35.07,33.915,34.542,30.32,31.718,30.126,31.054,29.756,29.308,30.856,27.029,26.962,26.061,26.172,26.978,25.869,27.769,23.698,23.968,25.319,21.53,20.625,20.138,18.396,20.743,18.353,18.243,14.277,16.022,20.212,17.461,15.632,9.8274,10.136,11.235
25.957,23.735,26.051,25.04,23.83,20.382,22.765,27.328,28.15,30.549,30.316,27.487,31.707,28.617,28.776,30.628,32.902,32.218,32.044,32.986,32.097,32.097,29.113,25.384,26.999,25.423,30.012,29.279,34.506,35.931,36.1,37.053,36.935,40.024,41.1,40.576,43.741,41.878,37.669,38.55,39.534,43.096,43.893,44.815,46.405,42.269,43.958,45.404,43.07,44.291,46.261,44.342,40.283,40.893,41.586,36.908,38.583,39.293,43,43.098,40.56,36.594,40.896,41.305,36.132,38.38,35.914,34.759,35.386,31.164,32.562,30.969,31.898,30.599,30.151,31.699,27.872,27.805,26.904,27.016,27.822,26.712,28.612,24.542,24.812,26.163,22.373,21.468,20.981,19.24,21.587,19.197,19.086,15.121,16.866,21.056,18.305,16.475,10.671,10.979,12.079
24.943,22.72,25.036,24.025,22.816,19.367,21.75,26.313,25.889,24.092,21.766,20.571,22.659,22.872,23.885,30.249,32.523,31.839,31.664,32.606,31.717,31.717,28.734,25.005,26.619,25.044,29.633,28.899,34.127,35.552,35.72,36.674,36.555,39.644,40.721,40.197,43.362,41.498,37.29,38.171,39.155,42.717,43.514,44.435,46.026,41.89,43.579,45.024,42.691,43.911,45.882,43.963,39.904,40.513,41.207,36.528,38.204,38.913,42.621,42.718,40.18,36.215,40.516,40.926,35.752,38,35.534,34.38,35.007,30.784,32.182,30.59,31.519,30.22,29.772,31.32,27.493,27.426,26.525,26.636,27.443,26.333,28.233,24.162,24.432,25.783,21.994,21.089,20.602,18.86,21.207,18.817,18.707,14.741,16.486,20.677,17.925,16.096,10.292,10.6,11.699
26.972,30.166,28.704,28.999,29.983,27.355,29.017,28.695,30.059,32.458,32.225,29.396,33.617,30.526,30.685,32.537,34.811,34.127,33.953,34.895,34.006,34.006,31.022,27.293,28.908,27.332,31.921,31.188,36.415,37.841,38.009,38.962,38.844,41.933,43.009,42.485,45.65,43.787,39.578,40.46,41.443,45.005,45.802,46.724,48.314,44.178,45.867,47.313,44.979,46.2,48.17,46.251,42.192,42.802,43.495,38.817,40.492,41.202,44.909,45.007,42.469,38.503,42.805,43.215,38.041,40.289,37.823,36.668,37.295,33.073,34.471,32.878,33.807,32.508,32.06,33.608,29.781,29.714,28.813,28.925,29.731,28.621,30.521,26.451,26.721,28.072,24.282,23.377,22.89,21.149,23.496,21.106,20.995,17.03,18.775,22.965,20.214,18.384,12.58,12.888,13.988
23.674,21.452,23.767,22.757,21.547,18.099,20.481,25.045,24.621,22.824,20.498,19.303,21.39,21.604,22.617,24.091,19.685,19.536,18.941,24.497,22.757,20.691,24.247,21.435,18.993,22.199,23.908,25.438,24.817,17.498,20.383,20.751,21.165,23.417,20.864,20.53,21.799,20.696,22.098,24.244,23.714,19.394,19.787,20.948,22.519,22.915,23.468,19.682,19.605,21.423,21.953,22.537,22.962,23.041,22.843,18.652,20.432,22.537,25.839,22.359,23.785,18.296,20.936,22.638,22.354,23.177,21.28,19.595,24.078,18.421,24.488,24.335,22.218,19.219,19.232,22.113,21.301,22.013,23.177,19.034,17.441,22.36,27.122,20.818,21.401,21.639,17.286,19.434,23.109,22.374,23.829,23.122,23.057,17.212,23.816,25.102,23.622,23.986,22.36,17.937,20.488
25.704,23.481,25.797,24.786,23.577,20.128,22.511,27.074,27.896,30.295,30.063,27.234,31.454,28.363,28.522,30.375,32.649,31.965,31.79,32.732,31.843,31.843,28.859,25.13,26.745,25.169,29.759,29.025,34.253,35.678,35.846,36.799,36.681,39.77,40.846,40.322,43.487,41.624,37.416,38.297,39.281,42.843,43.64,44.561,46.152,42.016,43.704,45.15,42.817,44.037,46.008,44.088,40.03,40.639,41.333,36.654,38.329,39.039,42.746,42.844,40.306,36.34,40.642,41.052,35.878,38.126,35.66,34.505,35.132,30.91,32.308,30.716,31.644,30.345,29.897,31.446,27.618,27.552,26.65,26.762,27.568,26.458,28.359,24.288,24.558,25.909,22.119,21.214,20.728,18.986,21.333,18.943,18.833,14.867,16.612,20.802,18.051,16.221,10.417,10.725,11.825
24.689,22.467,24.782,23.771,22.562,19.113,21.496,26.06,25.635,23.839,21.513,20.318,22.405,22.618,23.631,25.106,20.699,20.551,19.956,25.512,23.772,21.706,25.261,22.449,20.008,23.214,24.923,26.453,34.424,35.849,36.017,36.971,36.852,39.941,41.017,40.493,43.659,41.795,37.587,38.468,39.452,43.014,43.811,44.732,46.323,42.187,43.876,45.321,42.988,44.208,46.179,44.26,40.201,40.81,41.504,36.825,38.501,39.21,42.918,43.015,40.477,36.512,40.813,41.223,36.049,38.297,35.831,34.677,35.304,31.081,32.479,30.887,31.815,30.517,30.069,31.617,27.79,27.723,26.822,26.933,27.739,26.63,28.53,24.459,24.729,26.08,22.291,21.386,20.899,19.157,21.504,19.114,19.004,15.038,16.783,20.974,18.222,16.393,10.588,10.897,11.996
26.718,29.912,28.45,28.746,29.729,27.102,28.763,28.441,29.805,32.204,31.972,29.143,33.363,30.272,30.432,32.284,34.558,33.874,33.699,34.641,33.752,33.752,30.768,27.04,28.654,27.078,31.668,30.934,36.162,37.587,37.755,38.709,38.59,41.679,42.755,42.231,45.396,43.533,39.325,40.206,41.19,44.752,45.549,46.47,48.061,43.925,45.614,47.059,44.726,45.946,47.917,45.997,41.939,42.548,43.242,38.563,40.238,40.948,44.655,44.753,42.215,38.249,42.551,42.961,37.787,40.035,37.569,36.414,37.041,32.819,34.217,32.625,33.553,32.254,31.806,33.355,29.527,29.461,28.559,28.671,29.477,28.367,30.268,26.197,26.467,27.818,24.028,23.123,22.637,20.895,23.242,20.852,20.742,16.776,18.521,22.711,19.96,18.13,12.326,12.634,13.734
24.182,21.959,24.275,23.264,22.054,18.606,20.989,25.552,25.128,23.331,21.005,19.81,21.898,22.111,23.124,24.599,20.192,20.043,19.448,25.005,23.265,21.198,24.754,21.942,19.501,22.706,24.416,25.946,33.917,35.342,35.51,36.463,36.345,39.434,40.51,39.986,43.151,41.288,37.079,37.961,38.945,42.506,43.304,44.225,45.816,41.68,43.368,44.814,42.481,43.701,45.671,43.752,39.693,40.303,40.997,36.318,37.993,38.703,42.41,42.508,39.97,36.004,40.306,40.716,35.542,37.79,35.324,34.169,34.796,30.574,31.972,30.379,31.308,30.009,29.561,31.11,27.282,27.216,26.314,26.426,27.232,26.122,28.023,23.952,24.222,25.573,21.783,20.878,20.392,18.65,20.997,18.607,18.497,14.531,16.276,20.466,17.715,15.885,10.081,10.389,11.489
26.211,28.314,26.852,27.147,28.131,25.503,27.165,26.842,28.207,30.606,30.373,27.544,31.764,28.674,28.833,30.685,32.959,32.275,32.101,33.043,32.153,32.154,29.17,25.441,27.055,25.48,30.069,29.336,34.563,35.988,36.156,37.11,36.991,40.081,41.157,40.633,43.798,41.935,37.726,38.607,39.591,43.153,43.95,44.871,46.462,42.326,44.015,45.461,43.127,44.348,46.318,44.399,40.34,40.95,41.643,36.964,38.64,39.35,43.057,43.154,40.616,36.651,40.952,41.362,36.188,38.436,35.971,34.816,35.443,31.221,32.619,31.026,31.955,30.656,30.208,31.756,27.929,27.862,26.961,27.072,27.879,26.769,28.669,24.598,24.868,26.22,22.43,21.525,21.038,19.296,21.644,19.254,19.143,15.178,16.923,21.113,18.361,16.532,10.728,11.036,12.135
25.196,22.974,25.29,24.279,23.069,19.621,22.004,26.567,26.143,24.346,22.02,20.825,22.912,23.126,24.139,30.503,32.777,32.093,31.918,32.86,31.971,31.971,28.987,25.259,26.873,25.297,29.887,29.153,34.381,35.806,35.974,36.927,36.809,39.898,40.974,40.45,43.615,41.752,37.544,38.425,39.409,42.971,43.768,44.689,46.28,42.144,43.833,45.278,42.945,44.165,46.136,44.216,40.158,40.767,41.461,36.782,38.457,39.167,42.874,42.972,40.434,36.468,40.77,41.18,36.006,38.254,35.788,34.633,35.26,31.038,32.436,30.844,31.772,30.473,30.025,31.574,27.746,27.68,26.778,26.89,27.696,26.586,28.487,24.416,24.686,26.037,22.247,21.342,20.856,19.114,21.461,19.071,18.961,14.995,16.74,20.93,18.179,16.349,10.545,10.853,11.953
27.226,30.42,28.958,29.253,30.237,27.609,29.271,28.948,30.313,32.712,32.479,29.65,33.87,30.78,30.939,32.791,35.065,34.381,34.206,35.148,34.259,34.26,31.276,27.547,29.161,27.586,32.175,31.441,36.669,38.094,38.262,39.216,39.097,42.187,43.263,42.739,45.904,44.041,39.832,40.713,41.697,45.259,46.056,46.977,48.568,44.432,46.121,47.567,45.233,46.454,48.424,46.505,42.446,43.055,43.749,39.07,40.746,41.456,45.163,45.26,42.722,38.757,43.058,43.468,38.294,40.542,38.076,36.922,37.549,33.326,34.725,33.132,34.061,32.762,32.314,33.862,30.035,29.968,29.067,29.178,29.985,28.875,30.775,26.704,26.974,28.325,24.536,23.631,23.144,21.402,23.749,21.36,21.249,17.283,19.028,23.219,20.467,18.638,12.834,13.142,14.241
23.547,21.325,23.641,22.63,21.42,17.972,20.355,24.918,24.494,22.697,20.371,19.176,21.263,21.477,22.49,23.964,19.558,19.409,18.814,24.371,22.63,20.564,24.12,21.308,18.867,22.072,23.781,25.312,24.69,17.371,20.256,20.624,21.038,23.29,20.737,20.403,21.672,20.57,21.971,24.117,23.587,19.267,19.66,20.821,22.392,22.788,23.341,19.555,19.478,21.296,21.826,22.41,22.835,22.914,22.716,18.525,20.305,22.41,25.713,22.232,23.658,18.169,20.809,22.511,22.227,23.051,21.153,19.468,23.951,18.295,24.362,24.208,22.091,19.092,19.106,21.987,21.174,21.886,23.05,18.908,17.314,22.233,26.995,20.691,21.274,21.512,17.159,19.308,22.983,22.248,23.702,22.995,22.93,17.085,23.689,24.975,23.495,23.859,22.233,17.81,20.361
25.577,23.355,25.67,24.659,23.45,20.001,22.384,26.948,27.769,30.168,29.936,27.107,31.327,28.236,28.396,30.248,32.522,31.838,31.663,32.605,31.716,31.716,28.733,25.004,26.618,25.042,29.632,28.898,34.126,35.551,35.719,36.673,36.554,39.643,40.719,40.195,43.361,41.497,37.289,38.17,39.154,42.716,43.513,44.434,46.025,41.889,43.578,45.023,42.69,43.91,45.881,43.962,39.903,40.512,41.206,36.527,38.202,38.912,42.62,42.717,40.179,36.214,40.515,40.925,35.751,37.999,35.533,34.378,35.005,30.783,32.181,30.589,31.517,30.219,29.77,31.319,27.492,27.425,26.523,26.635,27.441,26.331,28.232,24.161,24.431,25.782,21.993,21.088,20.601,18.859,21.206,18.816,18.706,14.74,16.485,20.675,17.924,16.095,10.29,10.599,11.698
24.562,22.34,24.655,23.645,22.435,18.986,21.369,25.933,25.509,23.712,21.386,20.191,22.278,22.492,23.504,24.979,20.572,20.424,19.829,25.385,23.645,21.579,25.135,22.323,19.881,23.087,24.796,26.326,34.297,35.722,35.89,36.844,36.725,39.815,40.891,40.367,43.532,41.669,37.46,38.341,39.325,42.887,43.684,44.605,46.196,42.06,43.749,45.195,42.861,44.082,46.052,44.133,40.074,40.684,41.377,36.698,38.374,39.084,42.791,42.888,40.35,36.385,40.686,41.096,35.922,38.17,35.705,34.55,35.177,30.955,32.353,30.76,31.689,30.39,29.942,31.49,27.663,27.596,26.695,26.806,27.613,26.503,28.403,24.332,24.602,25.953,22.164,21.259,20.772,19.03,21.377,18.988,18.877,14.912,16.657,20.847,18.095,16.266,10.462,10.77,11.869
26.592,28.694,27.232,27.528,28.511,25.884,27.545,27.223,28.587,30.986,30.754,27.925,32.145,29.054,29.214,31.066,33.34,32.656,32.481,33.423,32.534,32.534,29.55,25.822,27.436,25.86,30.45,29.716,34.944,36.369,36.537,37.491,37.372,40.461,41.537,41.013,44.178,42.315,38.107,38.988,39.972,43.534,44.331,45.252,46.843,42.707,44.396,45.841,43.508,44.728,46.699,44.779,40.721,41.33,42.024,37.345,39.02,39.73,43.437,43.535,40.997,37.031,41.333,41.743,36.569,38.817,36.351,35.196,35.823,31.601,32.999,31.407,32.335,31.036,30.588,32.137,28.309,28.243,27.341,27.453,28.259,27.149,29.05,24.979,25.249,26.6,22.81,21.905,21.419,19.677,22.024,19.634,19.524,15.558,17.303,21.493,18.742,16.912,11.108,11.416,12.516
24.055,21.832,24.148,23.137,21.928,18.479,20.862,25.426,25.001,23.204,20.878,19.683,21.771,21.984,22.997,24.472,20.065,19.917,19.321,24.878,23.138,21.071,24.627,21.815,19.374,22.58,24.289,25.819,33.79,35.215,35.383,36.337,36.218,39.307,40.383,39.859,43.024,41.161,36.953,37.834,38.818,42.38,43.177,44.098,45.689,41.553,43.242,44.687,42.354,43.574,45.545,43.625,39.567,40.176,40.87,36.191,37.866,38.576,42.283,42.381,39.843,35.877,40.179,40.589,35.415,37.663,35.197,34.042,34.669,30.447,31.845,30.253,31.181,29.882,29.434,30.983,27.155,27.089,26.187,26.299,27.105,25.995,27.896,23.825,24.095,25.446,21.657,20.752,20.265,18.523,20.87,18.48,18.37,14.404,16.149,20.339,17.588,15.758,9.9543,10.263,11.362
26.084,23.862,26.177,25.167,23.957,20.509,22.891,27.455,28.277,30.676,30.443,27.614,31.834,28.744,28.903,30.755,33.029,32.345,32.171,33.113,32.223,32.224,29.24,25.511,27.125,25.55,30.139,29.406,34.633,36.058,36.226,37.18,37.061,40.151,41.227,40.703,43.868,42.005,37.796,38.677,39.661,43.223,44.02,44.941,46.532,42.396,44.085,45.531,43.197,44.418,46.388,44.469,40.41,41.02,41.713,37.035,38.71,39.42,43.127,43.224,40.686,36.721,41.022,41.432,36.258,38.507,36.041,34.886,35.513,31.291,32.689,31.096,32.025,30.726,30.278,31.826,27.999,27.932,27.031,27.142,27.949,26.839,28.739,24.668,24.938,26.29,22.5,21.595,21.108,19.366,21.714,19.324,19.213,15.248,16.993,21.183,18.431,16.602,10.798,11.106,12.205
25.069,22.847,25.163,24.152,22.942,19.494,21.877,26.44,26.016,24.219,21.893,20.698,22.786,22.999,24.012,30.376,32.65,31.966,31.791,32.733,31.844,31.844,28.861,25.132,26.746,25.171,29.76,29.026,34.254,35.679,35.847,36.801,36.682,39.771,40.847,40.323,43.489,41.625,37.417,38.298,39.282,42.844,43.641,44.562,46.153,42.017,43.706,45.151,42.818,44.038,46.009,44.09,40.031,40.64,41.334,36.655,38.331,39.04,42.748,42.845,40.307,36.342,40.643,41.053,35.879,38.127,35.661,34.506,35.133,30.911,32.309,30.717,31.645,30.347,29.898,31.447,27.62,27.553,26.651,26.763,27.569,26.46,28.36,24.289,24.559,25.91,22.121,21.216,20.729,18.987,21.334,18.944,18.834,14.868,16.613,20.803,18.052,16.223,10.418,10.727,11.826
27.099,30.293,28.831,29.126,30.11,27.482,29.144,28.821,30.186,32.585,32.352,29.523,33.743,30.653,30.812,32.664,34.938,34.254,34.08,35.022,34.132,34.133,31.149,27.42,29.034,27.459,32.048,31.315,36.542,37.967,38.135,39.089,38.97,42.06,43.136,42.612,45.777,43.914,39.705,40.586,41.57,45.132,45.929,46.85,48.441,44.305,45.994,47.44,45.106,46.327,48.297,46.378,42.319,42.929,43.622,38.944,40.619,41.329,45.036,45.133,42.596,38.63,42.931,43.341,38.168,40.416,37.95,36.795,37.422,33.2,34.598,33.005,33.934,32.635,32.187,33.735,29.908,29.841,28.94,29.052,29.858,28.748,30.648,26.577,26.848,28.199,24.409,23.504,23.017,21.275,23.623,21.233,21.122,17.157,18.902,23.092,20.341,18.511,12.707,13.015,14.115
23.801,21.579,23.894,22.884,21.674,18.225,20.608,25.172,24.748,22.951,20.625,19.43,21.517,21.731,22.743,24.218,19.811,19.663,19.068,24.624,22.884,20.818,24.373,21.561,19.12,22.326,24.035,25.565,33.536,34.961,35.129,36.083,35.964,39.054,40.13,39.606,42.771,40.907,36.699,37.58,38.564,42.126,42.923,43.844,45.435,41.299,42.988,44.434,42.1,43.321,45.291,43.372,39.313,39.922,40.616,35.937,37.613,38.323,42.03,42.127,39.589,35.624,39.925,40.335,35.161,37.409,34.943,33.789,34.416,30.193,31.592,29.999,30.928,29.629,29.181,30.729,26.902,26.835,25.934,26.045,26.852,25.742,27.642,23.571,23.841,25.192,21.403,20.498,20.011,18.269,20.616,18.227,18.116,14.15,15.895,20.086,17.334,15.505,9.7006,10.009,11.108
25.831,23.608,25.924,24.913,23.703,20.255,22.638,27.201,28.023,30.422,30.189,27.36,31.581,28.49,28.649,30.501,32.775,32.091,31.917,32.859,31.97,31.97,28.986,25.257,26.872,25.296,29.885,29.152,34.379,35.805,35.973,36.926,36.808,39.897,40.973,40.449,43.614,41.751,37.542,38.424,39.408,42.969,43.767,44.688,46.279,42.143,43.831,45.277,42.944,44.164,46.134,44.215,40.156,40.766,41.46,36.781,38.456,39.166,42.873,42.971,40.433,36.467,40.769,41.179,36.005,38.253,35.787,34.632,35.259,31.037,32.435,30.842,31.771,30.472,30.024,31.573,27.745,27.678,26.777,26.889,27.695,26.585,28.485,24.415,24.685,26.036,22.246,21.341,20.855,19.113,21.46,19.07,18.959,14.994,16.739,20.929,18.178,16.348,10.544,10.852,11.952
24.816,22.594,24.909,23.898,22.689,19.24,21.623,26.187,25.762,23.965,21.639,20.444,22.532,22.745,23.758,25.233,20.826,20.678,20.082,25.639,23.899,21.833,25.388,22.576,20.135,23.341,25.05,26.58,34.551,35.976,36.144,37.098,36.979,40.068,41.144,40.62,43.786,41.922,37.714,38.595,39.579,43.141,43.938,44.859,46.45,42.314,44.003,45.448,43.115,44.335,46.306,44.386,40.328,40.937,41.631,36.952,38.627,39.337,43.045,43.142,40.604,36.638,40.94,41.35,36.176,38.424,35.958,34.803,35.43,31.208,32.606,31.014,31.942,30.644,30.195,31.744,27.916,27.85,26.948,27.06,27.866,26.756,28.657,24.586,24.856,26.207,22.418,21.513,21.026,19.284,21.631,19.241,19.131,15.165,16.91,21.1,18.349,16.519,10.715,11.024,12.123
26.845,30.039,28.577,28.872,29.856,27.229,28.89,28.568,29.932,32.331,32.098,29.269,33.49,30.399,30.558,32.411,34.684,34.001,33.826,34.768,33.879,33.879,30.895,27.166,28.781,27.205,31.795,31.061,36.289,37.714,37.882,38.835,38.717,41.806,42.882,42.358,45.523,43.66,39.451,40.333,41.317,44.878,45.676,46.597,48.188,44.052,45.74,47.186,44.853,46.073,48.043,46.124,42.065,42.675,43.369,38.69,40.365,41.075,44.782,44.88,42.342,38.376,42.678,43.088,37.914,40.162,37.696,36.541,37.168,32.946,34.344,32.751,33.68,32.381,31.933,33.482,29.654,29.587,28.686,28.798,29.604,28.494,30.394,26.324,26.594,27.945,24.155,23.25,22.764,21.022,23.369,20.979,20.869,16.903,18.648,22.838,20.087,18.257,12.453,12.761,13.861
24.308,22.086,24.402,23.391,22.181,18.733,21.116,25.679,25.255,23.458,21.132,19.937,22.024,22.238,23.251,24.726,20.319,20.17,19.575,25.132,23.391,21.325,24.881,22.069,19.628,22.833,24.542,26.073,34.043,35.469,35.637,36.59,36.472,39.561,40.637,40.113,43.278,41.415,37.206,38.088,39.071,42.633,43.43,44.352,45.942,41.806,43.495,44.941,42.607,43.828,45.798,43.879,39.82,40.43,41.124,36.445,38.12,38.83,42.537,42.635,40.097,36.131,40.433,40.843,35.669,37.917,35.451,34.296,34.923,30.701,32.099,30.506,31.435,30.136,29.688,31.237,27.409,27.342,26.441,26.553,27.359,26.249,28.149,24.079,24.349,25.7,21.91,21.005,20.519,18.777,21.124,18.734,18.623,14.658,16.403,20.593,17.842,16.012,10.208,10.516,11.616
26.338,28.441,26.978,27.274,28.258,25.63,27.292,26.969,28.334,30.733,30.5,27.671,31.891,28.8,28.96,30.812,33.086,32.402,32.227,33.169,32.28,32.28,29.297,25.568,27.182,25.607,30.196,29.462,34.69,36.115,36.283,37.237,37.118,40.207,41.284,40.76,43.925,42.061,37.853,38.734,39.718,43.28,44.077,44.998,46.589,42.453,44.142,45.587,43.254,44.474,46.445,44.526,40.467,41.076,41.77,37.091,38.767,39.476,43.184,43.281,40.743,36.778,41.079,41.489,36.315,38.563,36.097,34.943,35.57,31.347,32.745,31.153,32.082,30.783,30.335,31.883,28.056,27.989,27.088,27.199,28.006,26.896,28.796,24.725,24.995,26.346,22.557,21.652,21.165,19.423,21.77,19.38,19.27,15.304,17.049,21.24,18.488,16.659,10.855,11.163,12.262
25.323,23.101,25.416,24.406,23.196,19.747,22.13,26.694,27.516,29.915,29.682,26.853,31.073,27.983,28.142,29.994,32.268,31.584,31.41,32.351,31.462,31.463,28.479,24.75,26.364,24.789,29.378,28.645,33.872,35.297,35.465,36.419,36.3,39.39,40.466,39.942,43.107,41.244,37.035,37.916,38.9,42.462,43.259,44.18,45.771,41.635,43.324,44.77,42.436,43.657,45.627,43.708,39.649,40.259,40.952,36.273,37.949,38.659,42.366,42.463,39.925,35.96,40.261,40.671,35.497,37.745,35.28,34.125,34.752,30.53,31.928,30.335,31.264,29.965,29.517,31.065,27.238,27.171,26.27,26.381,27.188,26.078,27.978,23.907,24.177,25.528,21.739,20.834,20.347,18.605,20.952,18.563,18.452,14.487,16.232,20.422,17.67,15.841,10.037,10.345,11.444
27.353,30.547,29.084,29.38,30.363,27.736,29.398,29.075,30.439,32.838,32.606,29.777,33.997,30.906,31.066,32.918,35.192,34.508,34.333,35.275,34.386,34.386,31.403,27.674,29.288,27.713,32.302,31.568,36.796,38.221,38.389,39.343,39.224,42.313,43.389,42.865,46.031,44.167,39.959,40.84,41.824,45.386,46.183,47.104,48.695,44.559,46.248,47.693,45.36,46.58,48.551,46.632,42.573,43.182,43.876,39.197,40.873,41.582,45.29,45.387,42.849,38.884,43.185,43.595,38.421,40.669,38.203,37.049,37.675,33.453,34.851,33.259,34.187,32.889,32.441,33.989,30.162,30.095,29.194,29.305,30.111,29.002,30.902,26.831,27.101,28.452,24.663,23.758,23.271,21.529,23.876,21.486,21.376,17.41,19.155,23.345,20.594,18.765,12.96,13.269,14.368
23.484,21.262,23.577,22.566,21.357,17.908,20.291,24.855,24.43,22.634,20.308,19.113,21.2,21.413,22.426,23.901,19.494,19.346,18.751,24.307,22.567,20.501,24.056,21.244,18.803,22.009,23.718,25.248,24.626,17.308,20.193,20.561,20.975,23.227,20.674,20.34,21.609,20.506,21.908,24.053,23.524,19.204,19.597,20.758,22.329,22.725,23.278,19.492,19.415,21.232,21.763,22.346,22.772,22.851,22.652,18.462,20.242,22.347,25.649,22.169,23.595,18.106,20.745,22.448,22.164,22.987,21.089,19.405,23.888,18.231,24.298,24.145,22.027,19.028,19.042,21.923,21.111,21.822,22.986,18.844,17.251,22.169,26.932,20.628,21.211,21.449,17.096,19.244,22.919,22.184,23.639,22.932,22.867,17.022,23.626,24.911,23.432,23.796,22.17,17.746,20.297
25.513,23.291,25.607,24.596,23.386,19.938,22.321,26.884,27.706,30.105,29.872,27.043,31.264,28.173,28.332,30.184,32.458,31.774,31.6,32.542,31.653,31.653,28.669,24.94,26.555,24.979,29.568,28.835,34.062,35.488,35.656,36.609,36.491,39.58,40.656,40.132,43.297,41.434,37.225,38.107,39.09,42.652,43.449,44.371,45.961,41.825,43.514,44.96,42.626,43.847,45.817,43.898,39.839,40.449,41.142,36.464,38.139,38.849,42.556,42.654,40.116,36.15,40.452,40.862,35.688,37.936,35.47,34.315,34.942,30.72,32.118,30.525,31.454,30.155,29.707,31.256,27.428,27.361,26.46,26.572,27.378,26.268,28.168,24.098,24.368,25.719,21.929,21.024,20.537,18.796,21.143,18.753,18.642,14.677,16.422,20.612,17.861,16.031,10.227,10.535,11.635
24.499,22.276,24.592,23.581,22.372,18.923,21.306,25.869,25.445,23.648,21.322,20.127,22.215,22.428,23.441,24.916,20.509,20.361,19.765,25.322,23.582,21.515,25.071,22.259,19.818,23.024,24.733,26.263,34.234,35.659,35.827,36.78,36.662,39.751,40.827,40.303,43.468,41.605,37.397,38.278,39.262,42.824,43.621,44.542,46.133,41.997,43.686,45.131,42.798,44.018,45.989,44.069,40.011,40.62,41.314,36.635,38.31,39.02,42.727,42.825,40.287,36.321,40.623,41.033,35.859,38.107,35.641,34.486,35.113,30.891,32.289,30.697,31.625,30.326,29.878,31.427,27.599,27.533,26.631,26.743,27.549,26.439,28.34,24.269,24.539,25.89,22.1,21.195,20.709,18.967,21.314,18.924,18.814,14.848,16.593,20.783,18.032,16.202,10.398,10.706,11.806
26.528,28.631,27.169,27.464,28.448,25.82,27.482,27.159,28.524,30.923,30.69,27.861,32.081,28.991,29.15,31.002,33.276,32.592,32.418,33.36,32.47,32.471,29.487,25.758,27.372,25.797,30.386,29.653,34.88,36.305,36.473,37.427,37.308,40.398,41.474,40.95,44.115,42.252,38.043,38.924,39.908,43.47,44.267,45.189,46.779,42.643,44.332,45.778,43.444,44.665,46.635,44.716,40.657,41.267,41.96,37.282,38.957,39.667,43.374,43.472,40.934,36.968,41.269,41.679,36.506,38.754,36.288,35.133,35.76,31.538,32.936,31.343,32.272,30.973,30.525,32.073,28.246,28.179,27.278,27.39,28.196,27.086,28.986,24.915,25.186,26.537,22.747,21.842,21.355,19.613,21.961,19.571,19.46,15.495,17.24,21.43,18.679,16.849,11.045,11.353,12.453
23.991,21.769,24.085,23.074,21.864,18.416,20.798,25.362,24.938,23.141,20.815,19.62,21.707,21.921,22.934,24.408,20.002,19.853,19.258,24.815,23.074,21.008,24.564,21.752,19.311,22.516,24.225,25.755,33.726,35.151,35.319,36.273,36.155,39.244,40.32,39.796,42.961,41.098,36.889,37.77,38.754,42.316,43.113,44.035,45.625,41.489,43.178,44.624,42.29,43.511,45.481,43.562,39.503,40.113,40.806,36.128,37.803,38.513,42.22,42.318,39.78,35.814,40.115,40.525,35.352,37.6,35.134,33.979,34.606,30.384,31.782,30.189,31.118,29.819,29.371,30.919,27.092,27.025,26.124,26.236,27.042,25.932,27.832,23.762,24.032,25.383,21.593,20.688,20.201,18.46,20.807,18.417,18.306,14.341,16.086,20.276,17.525,15.695,9.8908,10.199,11.299
26.021,23.799,26.114,25.103,23.894,20.445,22.828,27.392,28.213,30.612,30.38,27.551,31.771,28.68,28.84,30.692,32.966,32.282,32.107,33.049,32.16,32.16,29.176,25.448,27.062,25.486,30.076,29.342,34.57,35.995,36.163,37.117,36.998,40.087,41.163,40.639,43.805,41.941,37.733,38.614,39.598,43.16,43.957,44.878,46.469,42.333,44.022,45.467,43.134,44.354,46.325,44.405,40.347,40.956,41.65,36.971,38.646,39.356,43.064,43.161,40.623,36.657,40.959,41.369,36.195,38.443,35.977,34.822,35.449,31.227,32.625,31.033,31.961,30.663,30.214,31.763,27.935,27.869,26.967,27.079,27.885,26.775,28.676,24.605,24.875,26.226,22.437,21.532,21.045,19.303,21.65,19.26,19.15,15.184,16.929,21.119,18.368,16.538,10.734,11.043,12.142
25.006,22.784,25.099,24.089,22.879,19.43,21.813,26.377,25.953,24.156,21.83,20.635,22.722,22.936,23.948,30.312,32.586,31.902,31.728,32.67,31.781,31.781,28.797,25.068,26.683,25.107,29.696,28.963,34.19,35.616,35.784,36.737,36.619,39.708,40.784,40.26,43.425,41.562,37.353,38.235,39.218,42.78,43.577,44.499,46.089,41.954,43.642,45.088,42.754,43.975,45.945,44.026,39.967,40.577,41.271,36.592,38.267,38.977,42.684,42.782,40.244,36.278,40.58,40.99,35.816,38.064,35.598,34.443,35.07,30.848,32.246,30.653,31.582,30.283,29.835,31.384,27.556,27.489,26.588,26.7,27.506,26.396,28.296,24.226,24.496,25.847,22.057,21.152,20.666,18.924,21.271,18.881,18.77,14.805,16.55,20.74,17.989,16.159,10.355,10.663,11.763
27.036,30.23,28.767,29.063,30.046,27.419,29.081,28.758,30.122,32.521,32.289,29.46,33.68,30.589,30.749,32.601,34.875,34.191,34.016,34.958,34.069,34.069,31.086,27.357,28.971,27.395,31.985,31.251,36.479,37.904,38.072,39.026,38.907,41.996,43.072,42.548,45.714,43.85,39.642,40.523,41.507,45.069,45.866,46.787,48.378,44.242,45.931,47.376,45.043,46.263,48.234,46.315,42.256,42.865,43.559,38.88,40.555,41.265,44.973,45.07,42.532,38.566,42.868,43.278,38.104,40.352,37.886,36.731,37.358,33.136,34.534,32.942,33.87,32.572,32.123,33.672,29.845,29.778,28.876,28.988,29.794,28.684,30.585,26.514,26.784,28.135,24.346,23.441,22.954,21.212,23.559,21.169,21.059,17.093,18.838,23.028,20.277,18.447,12.643,12.952,14.051
23.738,21.515,23.831,22.82,21.611,18.162,20.545,25.108,24.684,22.887,20.561,19.366,21.454,21.667,22.68,24.155,19.748,19.6,19.004,24.561,22.821,20.754,24.31,21.498,19.057,22.263,23.972,25.502,33.473,34.898,35.066,36.019,35.901,38.99,40.066,39.542,42.707,40.844,36.636,37.517,38.501,42.063,42.86,43.781,45.372,41.236,42.924,44.37,42.037,43.257,45.228,43.308,39.249,39.859,40.553,35.874,37.549,38.259,41.966,42.064,39.526,35.56,39.862,40.272,35.098,37.346,34.88,33.725,34.352,30.13,31.528,29.935,30.864,29.565,29.117,30.666,26.838,26.772,25.87,25.982,26.788,25.678,27.579,23.508,23.778,25.129,21.339,20.434,19.948,18.206,20.553,18.163,18.053,14.087,15.832,20.022,17.271,15.441,9.6372,9.9454,11.045
25.767,23.545,25.86,24.85,23.64,20.191,22.574,27.138,27.96,30.359,30.126,27.297,31.517,28.427,28.586,30.438,32.712,32.028,31.853,32.795,31.906,31.907,28.923,25.194,26.808,25.233,29.822,29.089,34.316,35.741,35.909,36.863,36.744,39.834,40.91,40.386,43.551,41.688,37.479,38.36,39.344,42.906,43.703,44.624,46.215,42.079,43.768,45.214,42.88,44.101,46.071,44.152,40.093,40.702,41.396,36.717,38.393,39.103,42.81,42.907,40.369,36.404,40.705,41.115,35.941,38.189,35.723,34.569,35.196,30.973,32.372,30.779,31.708,30.409,29.961,31.509,27.682,27.615,26.714,26.825,27.632,26.522,28.422,24.351,24.621,25.972,22.183,21.278,20.791,19.049,21.396,19.007,18.896,14.93,16.675,20.866,18.114,16.285,10.481,10.789,11.888
24.752,22.53,24.846,23.835,22.625,19.177,21.56,26.123,25.699,23.902,21.576,20.381,22.468,22.682,23.695,25.169,20.763,20.614,20.019,25.576,23.835,21.769,25.325,22.513,20.072,23.277,24.986,26.517,34.487,35.912,36.081,37.034,36.916,40.005,41.081,40.557,43.722,41.859,37.65,38.531,39.515,43.077,43.874,44.796,46.386,42.25,43.939,45.385,43.051,44.272,46.242,44.323,40.264,40.874,41.567,36.889,38.564,39.274,42.981,43.079,40.541,36.575,40.877,41.286,36.113,38.361,35.895,34.74,35.367,31.145,32.543,30.95,31.879,30.58,30.132,31.68,27.853,27.786,26.885,26.997,27.803,26.693,28.593,24.523,24.793,26.144,22.354,21.449,20.962,19.221,21.568,19.178,19.067,15.102,16.847,21.037,18.286,16.456,10.652,10.96,12.06
26.782,29.976,28.514,28.809,29.793,27.165,28.827,28.504,29.869,32.268,32.035,29.206,33.426,30.336,30.495,32.347,34.621,33.937,33.763,34.704,33.815,33.816,30.832,27.103,28.717,27.142,31.731,30.998,36.225,37.65,37.818,38.772,38.653,41.743,42.819,42.295,45.46,43.597,39.388,40.269,41.253,44.815,45.612,46.533,48.124,43.988,45.677,47.123,44.789,46.01,47.98,46.061,42.002,42.612,43.305,38.626,40.302,41.012,44.719,44.816,42.278,38.313,42.614,43.024,37.85,40.098,37.633,36.478,37.105,32.883,34.281,32.688,33.617,32.318,31.87,33.418,29.591,29.524,28.623,28.734,29.541,28.431,30.331,26.26,26.53,27.881,24.092,23.187,22.7,20.958,23.305,20.916,20.805,16.84,18.585,22.775,20.023,18.194,12.39,12.698,13.797
24.245,22.023,24.338,23.328,22.118,18.669,21.052,25.616,25.191,23.395,21.069,19.874,21.961,22.174,23.187,24.662,20.255,20.107,19.512,25.068,23.328,21.262,24.817,22.005,19.564,22.77,24.479,26.009,33.98,35.405,35.573,36.527,36.408,39.497,40.574,40.05,43.215,41.351,37.143,38.024,39.008,42.57,43.367,44.288,45.879,41.743,43.432,44.877,42.544,43.764,45.735,43.816,39.757,40.366,41.06,36.381,38.057,38.766,42.474,42.571,40.033,36.068,40.369,40.779,35.605,37.853,35.387,34.233,34.86,30.637,32.035,30.443,31.371,30.073,29.625,31.173,27.346,27.279,26.378,26.489,27.296,26.186,28.086,24.015,24.285,25.636,21.847,20.942,20.455,18.713,21.06,18.67,18.56,14.594,16.339,20.53,17.778,15.949,10.145,10.453,11.552
26.275,28.377,26.915,27.21,28.194,25.567,27.228,26.906,28.27,30.669,30.437,27.607,31.828,28.737,28.896,30.749,33.022,32.339,32.164,33.106,32.217,32.217,29.233,25.504,27.119,25.543,30.133,29.399,34.627,36.052,36.22,37.173,37.055,40.144,41.22,40.696,43.861,41.998,37.789,38.671,39.655,43.216,44.014,44.935,46.526,42.39,44.078,45.524,43.191,44.411,46.382,44.462,40.403,41.013,41.707,37.028,38.703,39.413,43.12,43.218,40.68,36.714,41.016,41.426,36.252,38.5,36.034,34.879,35.506,31.284,32.682,31.089,32.018,30.719,30.271,31.82,27.992,27.926,27.024,27.136,27.942,26.832,28.733,24.662,24.932,26.283,22.493,21.588,21.102,19.36,21.707,19.317,19.207,15.241,16.986,21.176,18.425,16.595,10.791,11.099,12.199
25.26,23.038,25.353,24.342,23.133,19.684,22.067,26.631,27.452,29.851,29.619,26.79,31.01,27.919,28.079,29.931,32.205,31.521,31.346,32.288,31.399,31.399,28.415,24.687,26.301,24.725,29.315,28.581,33.809,35.234,35.402,36.356,36.237,39.326,40.402,39.878,43.043,41.18,36.972,37.853,38.837,42.399,43.196,44.117,45.708,41.572,43.261,44.706,42.373,43.593,45.564,43.644,39.586,40.195,40.889,36.21,37.885,38.595,42.302,42.4,39.862,35.896,40.198,40.608,35.434,37.682,35.216,34.061,34.688,30.466,31.864,30.272,31.2,29.901,29.453,31.002,27.174,27.108,26.206,26.318,27.124,26.014,27.915,23.844,24.114,25.465,21.675,20.77,20.284,18.542,20.889,18.499,18.389,14.423,16.168,20.358,17.607,15.777,9.9732,10.281,11.381
27.289,30.483,29.021,29.316,30.3,27.673,29.334,29.012,30.376,32.775,32.542,29.713,33.934,30.843,31.002,32.854,35.128,34.444,34.27,35.212,34.323,34.323,31.339,27.61,29.225,27.649,32.238,31.505,36.732,38.158,38.326,39.279,39.161,42.25,43.326,42.802,45.967,44.104,39.895,40.777,41.761,45.322,46.12,47.041,48.632,44.496,46.184,47.63,45.297,46.517,48.487,46.568,42.509,43.119,43.813,39.134,40.809,41.519,45.226,45.324,42.786,38.82,43.122,43.532,38.358,40.606,38.14,36.985,37.612,33.39,34.788,33.195,34.124,32.825,32.377,33.926,30.098,30.031,29.13,29.242,30.048,28.938,30.838,26.768,27.038,28.389,24.599,23.694,23.208,21.466,23.813,21.423,21.312,17.347,19.092,23.282,20.531,18.701,12.897,13.205,14.305
23.611,21.389,23.704,22.693,21.484,18.035,20.418,24.982,24.557,22.76,20.434,19.239,21.327,21.54,22.553,24.028,19.621,19.473,18.877,24.434,22.694,20.628,24.183,21.371,18.93,22.136,23.845,25.375,24.753,17.434,20.32,20.688,21.102,23.353,20.801,20.467,21.736,20.633,22.034,24.18,23.651,19.331,19.723,20.885,22.455,22.852,23.405,19.619,19.542,21.359,21.89,22.473,22.899,22.977,22.779,18.588,20.369,22.473,25.776,22.296,23.722,18.233,20.872,22.575,22.291,23.114,21.216,19.532,24.015,18.358,24.425,24.272,22.154,19.155,19.169,22.05,21.237,21.949,23.113,18.971,17.377,22.296,27.059,20.755,21.338,21.576,17.223,19.371,23.046,22.311,23.766,23.058,22.994,17.149,23.752,25.038,23.559,23.922,22.296,17.873,20.424
25.64,23.418,25.733,24.723,23.513,20.065,22.447,27.011,27.833,30.232,29.999,27.17,31.39,28.3,28.459,30.311,32.585,31.901,31.727,32.669,31.779,31.78,28.796,25.067,26.681,25.106,29.695,28.962,34.189,35.614,35.782,36.736,36.617,39.707,40.783,40.259,43.424,41.561,37.352,38.233,39.217,42.779,43.576,44.497,46.088,41.952,43.641,45.087,42.753,43.974,45.944,44.025,39.966,40.576,41.269,36.591,38.266,38.976,42.683,42.78,40.243,36.277,40.578,40.988,35.815,38.063,35.597,34.442,35.069,30.847,32.245,30.652,31.581,30.282,29.834,31.382,27.555,27.488,26.587,26.699,27.505,26.395,28.295,24.224,24.495,25.846,22.056,21.151,20.664,18.922,21.27,18.88,18.769,14.804,16.549,20.739,17.988,16.158,10.354,10.662,11.762
24.626,22.403,24.719,23.708,22.498,19.05,21.433,25.996,25.572,23.775,21.449,20.254,22.342,22.555,23.568,25.043,20.636,20.487,19.892,25.449,23.709,21.642,25.198,22.386,19.945,23.15,24.86,26.39,34.36,35.786,35.954,36.907,36.789,39.878,40.954,40.43,43.595,41.732,37.523,38.405,39.389,42.95,43.748,44.669,46.26,42.124,43.812,45.258,42.925,44.145,46.115,44.196,40.137,40.747,41.441,36.762,38.437,39.147,42.854,42.952,40.414,36.448,40.75,41.16,35.986,38.234,35.768,34.613,35.24,31.018,32.416,30.823,31.752,30.453,30.005,31.554,27.726,27.659,26.758,26.87,27.676,26.566,28.466,24.396,24.666,26.017,22.227,21.322,20.836,19.094,21.441,19.051,18.94,14.975,16.72,20.91,18.159,16.329,10.525,10.833,11.933
26.655,29.849,28.387,28.682,29.666,27.038,28.7,28.377,29.742,32.141,31.908,29.079,33.299,30.209,30.368,32.22,34.494,33.81,33.636,34.578,33.688,33.689,30.705,26.976,28.59,27.015,31.604,30.871,36.098,37.523,37.691,38.645,38.526,41.616,42.692,42.168,45.333,43.47,39.261,40.142,41.126,44.688,45.485,46.407,47.997,43.861,45.55,46.996,44.662,45.883,47.853,45.934,41.875,42.485,43.178,38.5,40.175,40.885,44.592,44.69,42.152,38.186,42.487,42.897,37.724,39.972,37.506,36.351,36.978,32.756,34.154,32.561,33.49,32.191,31.743,33.291,29.464,29.397,28.496,28.608,29.414,28.304,30.204,26.133,26.404,27.755,23.965,23.06,22.573,20.831,23.179,20.789,20.678,16.713,18.458,22.648,19.897,18.067,12.263,12.571,13.671
24.118,21.896,24.211,23.201,21.991,18.542,20.925,25.489,25.065,23.268,20.942,19.747,21.834,22.048,23.06,24.535,20.129,19.98,19.385,24.941,23.201,21.135,24.691,21.879,19.437,22.643,24.352,25.882,33.853,35.278,35.446,36.4,36.281,39.371,40.447,39.923,43.088,41.225,37.016,37.897,38.881,42.443,43.24,44.161,45.752,41.616,43.305,44.751,42.417,43.638,45.608,43.689,39.63,40.24,40.933,36.254,37.93,38.64,42.347,42.444,39.906,35.941,40.242,40.652,35.478,37.726,35.261,34.106,34.733,30.511,31.909,30.316,31.245,29.946,29.498,31.046,27.219,27.152,26.251,26.362,27.169,26.059,27.959,23.888,24.158,25.51,21.72,20.815,20.328,18.586,20.934,18.544,18.433,14.468,16.213,20.403,17.651,15.822,10.018,10.326,11.425
26.148,28.25,26.788,27.084,28.067,25.44,27.101,26.779,28.143,30.542,30.31,27.481,31.701,28.61,28.77,30.622,32.896,32.212,32.037,32.979,32.09,32.09,29.106,25.378,26.992,25.416,30.006,29.272,34.5,35.925,36.093,37.047,36.928,40.017,41.093,40.569,43.734,41.871,37.663,38.544,39.528,43.09,43.887,44.808,46.399,42.263,43.952,45.397,43.064,44.284,46.255,44.335,40.277,40.886,41.58,36.901,38.576,39.286,42.993,43.091,40.553,36.587,40.889,41.299,36.125,38.373,35.907,34.752,35.379,31.157,32.555,30.963,31.891,30.592,30.144,31.693,27.865,27.799,26.897,27.009,27.815,26.705,28.606,24.535,24.805,26.156,22.367,21.462,20.975,19.233,21.58,19.19,19.08,15.114,16.859,21.049,18.298,16.468,10.664,10.973,12.072
25.133,22.911,25.226,24.215,23.006,19.557,21.94,26.504,26.079,24.283,21.957,20.762,22.849,23.062,24.075,30.439,32.713,32.029,31.855,32.797,31.907,31.908,28.924,25.195,26.809,25.234,29.823,29.09,34.317,35.742,35.91,36.864,36.745,39.835,40.911,40.387,43.552,41.689,37.48,38.361,39.345,42.907,43.704,44.626,46.216,42.08,43.769,45.215,42.881,44.102,46.072,44.153,40.094,40.704,41.397,36.719,38.394,39.104,42.811,42.909,40.371,36.405,40.706,41.116,35.943,38.191,35.725,34.57,35.197,30.975,32.373,30.78,31.709,30.41,29.962,31.51,27.683,27.616,26.715,26.827,27.633,26.523,28.423,24.352,24.623,25.974,22.184,21.279,20.792,19.05,21.398,19.008,18.897,14.932,16.677,20.867,18.116,16.286,10.482,10.79,11.89
27.162,30.356,28.894,29.19,30.173,27.546,29.207,28.885,30.249,32.648,32.416,29.587,33.807,30.716,30.875,32.728,35.002,34.318,34.143,35.085,34.196,34.196,31.212,27.483,29.098,27.522,32.112,31.378,36.606,38.031,38.199,39.152,39.034,42.123,43.199,42.675,45.84,43.977,39.769,40.65,41.634,45.196,45.993,46.914,48.505,44.369,46.057,47.503,45.17,46.39,48.361,46.441,42.383,42.992,43.686,39.007,40.682,41.392,45.099,45.197,42.659,38.693,42.995,43.405,38.231,40.479,38.013,36.858,37.485,33.263,34.661,33.069,33.997,32.698,32.25,33.799,29.971,29.905,29.003,29.115,29.921,28.811,30.712,26.641,26.911,28.262,24.472,23.567,23.081,21.339,23.686,21.296,21.186,17.22,18.965,23.155,20.404,18.574,12.77,13.078,14.178
23.864,21.642,23.958,22.947,21.737,18.289,20.672,25.235,24.811,23.014,20.688,19.493,21.581,21.794,22.807,24.282,19.875,19.726,19.131,24.688,22.947,20.881,24.437,21.625,19.184,22.389,24.099,25.629,33.599,35.025,35.193,36.146,36.028,39.117,40.193,39.669,42.834,40.971,36.762,37.644,38.628,42.189,42.987,43.908,45.499,41.363,43.051,44.497,42.163,43.384,45.354,43.435,39.376,39.986,40.68,36.001,37.676,38.386,42.093,42.191,39.653,35.687,39.989,40.399,35.225,37.473,35.007,33.852,34.479,30.257,31.655,30.062,30.991,29.692,29.244,30.793,26.965,26.898,25.997,26.109,26.915,25.805,27.705,23.635,23.905,25.256,21.466,20.561,20.075,18.333,20.68,18.29,18.179,14.214,15.959,20.149,17.398,15.568,9.764,10.072,11.172
25.894,23.672,25.987,24.976,23.767,20.318,22.701,27.265,28.086,30.485,30.253,27.424,31.644,28.553,28.713,30.565,32.839,32.155,31.98,32.922,32.033,32.033,29.05,25.321,26.935,25.36,29.949,29.215,34.443,35.868,36.036,36.99,36.871,39.96,41.036,40.512,43.678,41.814,37.606,38.487,39.471,43.033,43.83,44.751,46.342,42.206,43.895,45.34,43.007,44.227,46.198,44.279,40.22,40.829,41.523,36.844,38.52,39.229,42.937,43.034,40.496,36.531,40.832,41.242,36.068,38.316,35.85,34.696,35.322,31.1,32.498,30.906,31.834,30.536,30.088,31.636,27.809,27.742,26.841,26.952,27.758,26.649,28.549,24.478,24.748,26.099,22.31,21.405,20.918,19.176,21.523,19.133,19.023,15.057,16.802,20.993,18.241,16.412,10.607,10.916,12.015
24.879,22.657,24.972,23.962,22.752,19.304,21.686,26.25,25.826,24.029,21.703,20.508,22.595,22.809,23.822,25.296,20.89,20.741,20.146,25.702,23.962,21.896,25.452,22.64,20.198,23.404,25.113,26.643,34.614,36.039,36.207,37.161,37.042,40.132,41.208,40.684,43.849,41.986,37.777,38.658,39.642,43.204,44.001,44.922,46.513,42.377,44.066,45.512,43.178,44.399,46.369,44.45,40.391,41.001,41.694,37.016,38.691,39.401,43.108,43.205,40.668,36.702,41.003,41.413,36.24,38.488,36.022,34.867,35.494,31.272,32.67,31.077,32.006,30.707,30.259,31.807,27.98,27.913,27.012,27.123,27.93,26.82,28.72,24.649,24.92,26.271,22.481,21.576,21.089,19.347,21.695,19.305,19.194,15.229,16.974,21.164,18.413,16.583,10.779,11.087,12.187
26.909,30.103,28.64,28.936,29.919,27.292,28.954,28.631,29.996,32.394,32.162,29.333,33.553,30.462,30.622,32.474,34.748,34.064,33.889,34.831,33.942,33.942,30.959,27.23,28.844,27.269,31.858,31.124,36.352,37.777,37.945,38.899,38.78,41.869,42.945,42.422,45.587,43.723,39.515,40.396,41.38,44.942,45.739,46.66,48.251,44.115,45.804,47.249,44.916,46.136,48.107,46.188,42.129,42.738,43.432,38.753,40.429,41.138,44.846,44.943,42.405,38.44,42.741,43.151,37.977,40.225,37.759,36.605,37.232,33.009,34.407,32.815,33.743,32.445,31.997,33.545,29.718,29.651,28.75,28.861,29.667,28.558,30.458,26.387,26.657,28.008,24.219,23.314,22.827,21.085,23.432,21.042,20.932,16.966,18.711,22.902,20.15,18.321,12.516,12.825,13.924
24.372,22.15,24.465,23.454,22.245,18.796,21.179,25.743,25.318,23.521,21.196,20.001,22.088,22.301,23.314,24.789,20.382,20.234,19.638,25.195,23.455,21.389,24.944,22.132,19.691,22.897,24.606,26.136,34.107,35.532,35.7,36.654,36.535,39.624,40.7,40.176,43.342,41.478,37.27,38.151,39.135,42.697,43.494,44.415,46.006,41.87,43.559,45.004,42.671,43.891,45.862,43.943,39.884,40.493,41.187,36.508,38.184,38.893,42.601,42.698,40.16,36.195,40.496,40.906,35.732,37.98,35.514,34.359,34.986,30.764,32.162,30.57,31.498,30.2,29.751,31.3,27.473,27.406,26.504,26.616,27.422,26.313,28.213,24.142,24.412,25.763,21.974,21.069,20.582,18.84,21.187,18.797,18.687,14.721,16.466,20.656,17.905,16.076,10.271,10.58,11.679
26.401,28.504,27.042,27.337,28.321,25.693,27.355,27.033,28.397,30.796,30.563,27.734,31.955,28.864,29.023,30.875,33.149,32.465,32.291,33.233,32.344,32.344,29.36,25.631,27.246,25.67,30.259,29.526,34.753,36.179,36.347,37.3,37.182,40.271,41.347,40.823,43.988,42.125,37.916,38.798,39.781,43.343,44.14,45.062,46.653,42.517,44.205,45.651,43.317,44.538,46.508,44.589,40.53,41.14,41.834,37.155,38.83,39.54,43.247,43.345,40.807,36.841,41.143,41.553,36.379,38.627,36.161,35.006,35.633,31.411,32.809,31.216,32.145,30.846,30.398,31.947,28.119,28.052,27.151,27.263,28.069,26.959,28.859,24.789,25.059,26.41,22.62,21.715,21.229,19.487,21.834,19.444,19.333,15.368,17.113,21.303,18.552,16.722,10.918,11.226,12.326
25.387,23.164,25.48,24.469,23.259,19.811,22.194,26.757,27.579,29.978,29.745,26.916,31.137,28.046,28.205,30.058,32.331,31.648,31.473,32.415,31.526,31.526,28.542,24.813,26.428,24.852,29.442,28.708,33.936,35.361,35.529,36.482,36.364,39.453,40.529,40.005,43.17,41.307,37.098,37.98,38.964,42.525,43.323,44.244,45.835,41.699,43.387,44.833,42.5,43.72,45.69,43.771,39.712,40.322,41.016,36.337,38.012,38.722,42.429,42.527,39.989,36.023,40.325,40.735,35.561,37.809,35.343,34.188,34.815,30.593,31.991,30.398,31.327,30.028,29.58,31.129,27.301,27.235,26.333,26.445,27.251,26.141,28.042,23.971,24.241,25.592,21.802,20.897,20.411,18.669,21.016,18.626,18.516,14.55,16.295,20.485,17.734,15.904,10.1,10.408,11.508
27.416,30.61,29.148,29.443,30.427,27.799,29.461,29.139,30.503,32.902,32.669,29.84,34.06,30.97,31.129,32.981,35.255,34.571,34.397,35.339,34.45,34.45,31.466,27.737,29.352,27.776,32.365,31.632,36.859,38.284,38.452,39.406,39.288,42.377,43.453,42.929,46.094,44.231,40.022,40.903,41.887,45.449,46.246,47.168,48.758,44.622,46.311,47.757,45.423,46.644,48.614,46.695,42.636,43.246,43.939,39.261,40.936,41.646,45.353,45.451,42.913,38.947,43.249,43.658,38.485,40.733,38.267,37.112,37.739,33.517,34.915,33.322,34.251,32.952,32.504,34.052,30.225,30.158,29.257,29.369,30.175,29.065,30.965,26.895,27.165,28.516,24.726,23.821,23.334,21.593,23.94,21.55,21.439,17.474,19.219,23.409,20.658,18.828,13.024,13.332,14.432
23.452,21.23,23.545,22.535,21.325,17.877,20.259,24.823,24.399,22.602,20.276,19.081,21.168,21.382,22.395,23.869,19.463,19.314,18.719,24.275,22.535,20.469,24.025,21.213,18.771,21.977,23.686,25.216,24.595,17.276,20.161,20.529,20.943,23.195,20.642,20.308,21.577,20.475,21.876,24.022,23.492,19.172,19.565,20.726,22.297,22.693,23.246,19.46,19.383,21.201,21.731,22.315,22.74,22.819,22.621,18.43,20.21,22.315,25.617,22.137,23.563,18.074,20.714,22.416,22.132,22.955,21.058,19.373,23.856,18.2,24.267,24.113,21.996,18.997,19.011,21.891,21.079,21.791,22.955,18.812,17.219,22.138,26.9,20.596,21.179,21.417,17.064,19.213,22.887,22.153,23.607,22.9,22.835,16.99,23.594,24.88,23.4,23.764,22.138,17.715,20.266
25.482,23.259,25.575,24.564,23.355,19.906,22.289,26.853,27.674,30.073,29.841,27.012,31.232,28.141,28.3,30.153,32.427,31.743,31.568,32.51,31.621,31.621,28.637,24.908,26.523,24.947,29.537,28.803,34.031,35.456,35.624,36.577,36.459,39.548,40.624,40.1,43.265,41.402,37.194,38.075,39.059,42.621,43.418,44.339,45.93,41.794,43.482,44.928,42.595,43.815,45.786,43.866,39.808,40.417,41.111,36.432,38.107,38.817,42.524,42.622,40.084,36.118,40.42,40.83,35.656,37.904,35.438,34.283,34.91,30.688,32.086,30.494,31.422,30.123,29.675,31.224,27.396,27.33,26.428,26.54,27.346,26.236,28.137,24.066,24.336,25.687,21.897,20.992,20.506,18.764,21.111,18.721,18.611,14.645,16.39,20.58,17.829,15.999,10.195,10.503,11.603
24.467,22.245,24.56,23.549,22.34,18.891,21.274,25.838,25.413,23.617,21.291,20.096,22.183,22.396,23.409,24.884,20.477,20.329,19.734,25.29,23.55,21.484,25.039,22.227,19.786,22.992,24.701,26.231,34.202,35.627,35.795,36.749,36.63,39.719,40.795,40.272,43.437,41.573,37.365,38.246,39.23,42.792,43.589,44.51,46.101,41.965,43.654,45.099,42.766,43.986,45.957,44.038,39.979,40.588,41.282,36.603,38.279,38.988,42.696,42.793,40.255,36.29,40.591,41.001,35.827,38.075,35.609,34.455,35.082,30.859,32.257,30.665,31.593,30.295,29.847,31.395,27.568,27.501,26.6,26.711,27.517,26.408,28.308,24.237,24.507,25.858,22.069,21.164,20.677,18.935,21.282,18.892,18.782,14.816,16.561,20.752,18,16.171,10.367,10.675,11.774
26.496,28.599,27.137,27.432,28.416,25.789,27.45,27.128,28.492,30.891,30.658,27.829,32.05,28.959,29.118,30.971,33.244,32.561,32.386,33.328,32.439,32.439,29.455,25.726,27.341,25.765,30.355,29.621,34.849,36.274,36.442,37.395,37.277,40.366,41.442,40.918,44.083,42.22,38.011,38.893,39.877,43.438,44.236,45.157,46.748,42.612,44.3,45.746,43.413,44.633,46.603,44.684,40.625,41.235,41.929,37.25,38.925,39.635,43.342,43.44,40.902,36.936,41.238,41.648,36.474,38.722,36.256,35.101,35.728,31.506,32.904,31.311,32.24,30.941,30.493,32.042,28.214,28.148,27.246,27.358,28.164,27.054,28.955,24.884,25.154,26.505,22.715,21.81,21.324,19.582,21.929,19.539,19.429,15.463,17.208,21.398,18.647,16.817,11.013,11.321,12.421
23.96,21.737,24.053,23.042,21.832,18.384,20.767,25.33,24.906,23.109,20.783,19.588,21.676,21.889,22.902,24.377,19.97,19.821,19.226,24.783,23.043,20.976,24.532,21.72,19.279,22.484,24.194,25.724,33.695,35.12,35.288,36.241,36.123,39.212,40.288,39.764,42.929,41.066,36.857,37.739,38.723,42.284,43.082,44.003,45.594,41.458,43.146,44.592,42.259,43.479,45.45,43.53,39.471,40.081,40.775,36.096,37.771,38.481,42.188,42.286,39.748,35.782,40.084,40.494,35.32,37.568,35.102,33.947,34.574,30.352,31.75,30.157,31.086,29.787,29.339,30.888,27.06,26.994,26.092,26.204,27.01,25.9,27.801,23.73,24,25.351,21.561,20.656,20.17,18.428,20.775,18.385,18.275,14.309,16.054,20.244,17.493,15.663,9.8591,10.167,11.267
25.989,23.767,26.082,25.072,23.862,20.413,22.796,27.36,28.182,30.581,30.348,27.519,31.739,28.649,28.808,30.66,32.934,32.25,32.075,33.017,32.128,32.129,29.145,25.416,27.03,25.455,30.044,29.31,34.538,35.963,36.131,37.085,36.966,40.056,41.132,40.608,43.773,41.909,37.701,38.582,39.566,43.128,43.925,44.846,46.437,42.301,43.99,45.436,43.102,44.323,46.293,44.374,40.315,40.924,41.618,36.939,38.615,39.325,43.032,43.129,40.591,36.626,40.927,41.337,36.163,38.411,35.945,34.791,35.418,31.195,32.594,31.001,31.93,30.631,30.183,31.731,27.904,27.837,26.936,27.047,27.854,26.744,28.644,24.573,24.843,26.194,22.405,21.5,21.013,19.271,21.618,19.229,19.118,15.152,16.897,21.088,18.336,16.507,10.703,11.011,12.11
24.974,22.752,25.068,24.057,22.847,19.399,21.782,26.345,25.921,24.124,21.798,20.603,22.69,22.904,23.917,30.281,32.555,31.871,31.696,32.638,31.749,31.749,28.765,25.037,26.651,25.075,29.665,28.931,34.159,35.584,35.752,36.706,36.587,39.676,40.752,40.228,43.393,41.53,37.322,38.203,39.187,42.749,43.546,44.467,46.058,41.922,43.611,45.056,42.723,43.943,45.914,43.994,39.936,40.545,41.239,36.56,38.235,38.945,42.652,42.75,40.212,36.246,40.548,40.958,35.784,38.032,35.566,34.411,35.038,30.816,32.214,30.622,31.55,30.251,29.803,31.352,27.524,27.458,26.556,26.668,27.474,26.364,28.265,24.194,24.464,25.815,22.026,21.12,20.634,18.892,21.239,18.849,18.739,14.773,16.518,20.708,17.957,16.127,10.323,10.631,11.731
27.004,30.198,28.736,29.031,30.015,27.387,29.049,28.726,30.091,32.49,32.257,29.428,33.648,30.558,30.717,32.569,34.843,34.159,33.984,34.926,34.037,34.038,31.054,27.325,28.939,27.364,31.953,31.22,36.447,37.872,38.04,38.994,38.875,41.965,43.041,42.517,45.682,43.819,39.61,40.491,41.475,45.037,45.834,46.755,48.346,44.21,45.899,47.345,45.011,46.232,48.202,46.283,42.224,42.833,43.527,38.848,40.524,41.234,44.941,45.038,42.5,38.535,42.836,43.246,38.072,40.32,37.855,36.7,37.327,33.104,34.503,32.91,33.839,32.54,32.092,33.64,29.813,29.746,28.845,28.956,29.763,28.653,30.553,26.482,26.752,28.103,24.314,23.409,22.922,21.18,23.527,21.138,21.027,17.061,18.807,22.997,20.245,18.416,12.612,12.92,14.019
23.706,21.484,23.799,22.788,21.579,18.13,20.513,25.077,24.652,22.856,20.53,19.335,21.422,21.635,22.648,24.123,19.716,19.568,18.973,24.529,22.789,20.723,24.278,21.466,19.025,22.231,23.94,25.47,33.441,34.866,35.034,35.988,35.869,38.958,40.034,39.51,42.676,40.812,36.604,37.485,38.469,42.031,42.828,43.749,45.34,41.204,42.893,44.338,42.005,43.225,45.196,43.277,39.218,39.827,40.521,35.842,37.518,38.227,41.935,42.032,39.494,35.529,39.83,40.24,35.066,37.314,34.848,33.693,34.32,30.098,31.496,29.904,30.832,29.534,29.086,30.634,26.807,26.74,25.839,25.95,26.756,25.647,27.547,23.476,23.746,25.097,21.308,20.403,19.916,18.174,20.521,18.131,18.021,14.055,15.8,19.99,17.239,15.41,9.6054,9.9137,11.013
25.735,23.513,25.829,24.818,23.608,20.16,22.543,27.106,27.928,30.327,30.094,27.265,31.486,28.395,28.554,30.406,32.68,31.996,31.822,32.764,31.875,31.875,28.891,25.162,26.777,25.201,29.79,29.057,34.284,35.709,35.878,36.831,36.713,39.802,40.878,40.354,43.519,41.656,37.447,38.328,39.312,42.874,43.671,44.593,46.183,42.047,43.736,45.182,42.848,44.069,46.039,44.12,40.061,40.671,41.364,36.686,38.361,39.071,42.778,42.876,40.338,36.372,40.674,41.083,35.91,38.158,35.692,34.537,35.164,30.942,32.34,30.747,31.676,30.377,29.929,31.477,27.65,27.583,26.682,26.794,27.6,26.49,28.39,24.32,24.59,25.941,22.151,21.246,20.759,19.018,21.365,18.975,18.864,14.899,16.644,20.834,18.083,16.253,10.449,10.757,11.857
24.721,22.498,24.814,23.803,22.594,19.145,21.528,26.091,25.667,23.87,21.544,20.349,22.437,22.65,23.663,25.138,20.731,20.583,19.987,25.544,23.804,21.737,25.293,22.481,20.04,23.246,24.955,26.485,34.456,35.881,36.049,37.002,36.884,39.973,41.049,40.525,43.69,41.827,37.619,38.5,39.484,43.046,43.843,44.764,46.355,42.219,43.907,45.353,43.02,44.24,46.211,44.291,40.233,40.842,41.536,36.857,38.532,39.242,42.949,43.047,40.509,36.543,40.845,41.255,36.081,38.329,35.863,34.708,35.335,31.113,32.511,30.919,31.847,30.548,30.1,31.649,27.821,27.755,26.853,26.965,27.771,26.661,28.562,24.491,24.761,26.112,22.322,21.417,20.931,19.189,21.536,19.146,19.036,15.07,16.815,21.005,18.254,16.424,10.62,10.928,12.028
26.75,29.944,28.482,28.777,29.761,27.133,28.795,28.473,29.837,32.236,32.003,29.174,33.395,30.304,30.463,32.315,34.589,33.905,33.731,34.673,33.784,33.784,30.8,27.071,28.686,27.11,31.699,30.966,36.193,37.619,37.787,38.74,38.622,41.711,42.787,42.263,45.428,43.565,39.356,40.238,41.221,44.783,45.58,46.502,48.092,43.956,45.645,47.091,44.757,45.978,47.948,46.029,41.97,42.58,43.274,38.595,40.27,40.98,44.687,44.785,42.247,38.281,42.583,42.993,37.819,40.067,37.601,36.446,37.073,32.851,34.249,32.656,33.585,32.286,31.838,33.387,29.559,29.492,28.591,28.703,29.509,28.399,30.299,26.229,26.499,27.85,24.06,23.155,22.668,20.927,23.274,20.884,20.773,16.808,18.553,22.743,19.992,18.162,12.358,12.666,13.766
24.213,21.991,24.306,23.296,22.086,18.638,21.02,25.584,25.16,23.363,21.037,19.842,21.929,22.143,23.156,24.63,20.224,20.075,19.48,25.037,23.296,21.23,24.786,21.974,19.532,22.738,24.447,25.977,33.948,35.373,35.541,36.495,36.376,39.466,40.542,40.018,43.183,41.32,37.111,37.992,38.976,42.538,43.335,44.257,45.847,41.711,43.4,44.846,42.512,43.733,45.703,43.784,39.725,40.335,41.028,36.35,38.025,38.735,42.442,42.54,40.002,36.036,40.337,40.747,35.574,37.822,35.356,34.201,34.828,30.606,32.004,30.411,31.34,30.041,29.593,31.141,27.314,27.247,26.346,26.458,27.264,26.154,28.054,23.983,24.254,25.605,21.815,20.91,20.423,18.681,21.029,18.639,18.528,14.563,16.308,20.498,17.747,15.917,10.113,10.421,11.521
26.243,28.346,26.883,27.179,28.162,25.535,27.197,26.874,28.238,30.637,30.405,27.576,31.796,28.705,28.865,30.717,32.991,32.307,32.132,33.074,32.185,32.185,29.202,25.473,27.087,25.512,30.101,29.367,34.595,36.02,36.188,37.142,37.023,40.112,41.188,40.664,43.83,41.966,37.758,38.639,39.623,43.185,43.982,44.903,46.494,42.358,44.047,45.492,43.159,44.379,46.35,44.431,40.372,40.981,41.675,36.996,38.672,39.381,43.089,43.186,40.648,36.683,40.984,41.394,36.22,38.468,36.002,34.847,35.474,31.252,32.65,31.058,31.986,30.688,30.24,31.788,27.961,27.894,26.993,27.104,27.91,26.801,28.701,24.63,24.9,26.251,22.462,21.557,21.07,19.328,21.675,19.285,19.175,15.209,16.954,21.144,18.393,16.564,10.759,11.068,12.167
25.228,23.006,25.321,24.311,23.101,19.652,22.035,26.599,26.175,24.378,22.052,20.857,22.944,23.158,24.17,30.534,32.808,32.124,31.95,32.892,32.003,32.003,29.019,25.29,26.905,25.329,29.918,29.185,34.412,35.838,36.006,36.959,36.841,39.93,41.006,40.482,43.647,41.784,37.575,38.457,39.44,43.002,43.799,44.721,46.311,42.175,43.864,45.31,42.976,44.197,46.167,44.248,40.189,40.799,41.493,36.814,38.489,39.199,42.906,43.004,40.466,36.5,40.802,41.212,36.038,38.286,35.82,34.665,35.292,31.07,32.468,30.875,31.804,30.505,30.057,31.606,27.778,27.711,26.81,26.922,27.728,26.618,28.518,24.448,24.718,26.069,22.279,21.374,20.887,19.146,21.493,19.103,18.992,15.027,16.772,20.962,18.211,16.381,10.577,10.885,11.985
27.258,30.451,28.989,29.285,30.268,27.641,29.303,28.98,30.344,32.743,32.511,29.682,33.902,30.811,30.971,32.823,35.097,34.413,34.238,35.18,34.291,34.291,31.307,27.579,29.193,27.617,32.207,31.473,36.701,38.126,38.294,39.248,39.129,42.218,43.294,42.77,45.936,44.072,39.864,40.745,41.729,45.291,46.088,47.009,48.6,44.464,46.153,47.598,45.265,46.485,48.456,46.536,42.478,43.087,43.781,39.102,40.777,41.487,45.195,45.292,42.754,38.788,43.09,43.5,38.326,40.574,38.108,36.953,37.58,33.358,34.756,33.164,34.092,32.794,32.345,33.894,30.066,30,29.098,29.21,30.016,28.906,30.807,26.736,27.006,28.357,24.568,23.663,23.176,21.434,23.781,21.391,21.281,17.315,19.06,23.25,20.499,18.669,12.865,13.174,14.273
23.579,21.357,23.672,22.662,21.452,18.003,20.386,24.95,24.526,22.729,20.403,19.208,21.295,21.509,22.521,23.996,19.589,19.441,18.846,24.402,22.662,20.596,24.152,21.34,18.898,22.104,23.813,25.343,24.721,17.403,20.288,20.656,21.07,23.322,20.769,20.435,21.704,20.601,22.003,24.149,23.619,19.299,19.692,20.853,22.424,22.82,23.373,19.587,19.51,21.328,21.858,22.442,22.867,22.946,22.747,18.557,20.337,22.442,25.744,22.264,23.69,18.201,20.84,22.543,22.259,23.082,21.184,19.5,23.983,18.326,24.393,24.24,22.123,19.124,19.137,22.018,21.206,21.917,23.082,18.939,17.346,22.265,27.027,20.723,21.306,21.544,17.191,19.339,23.014,22.279,23.734,23.027,22.962,17.117,23.721,25.007,23.527,23.891,22.265,17.842,20.393
25.609,23.386,25.702,24.691,23.481,20.033,22.416,26.979,27.801,30.2,29.967,27.138,31.359,28.268,28.427,30.279,32.553,31.87,31.695,32.637,31.748,31.748,28.764,25.035,26.65,25.074,29.664,28.93,34.157,35.583,35.751,36.704,36.586,39.675,40.751,40.227,43.392,41.529,37.32,38.202,39.186,42.747,43.545,44.466,46.057,41.921,43.609,45.055,42.722,43.942,45.912,43.993,39.934,40.544,41.238,36.559,38.234,38.944,42.651,42.749,40.211,36.245,40.547,40.957,35.783,38.031,35.565,34.41,35.037,30.815,32.213,30.62,31.549,30.25,29.802,31.351,27.523,27.456,26.555,26.667,27.473,26.363,28.263,24.193,24.463,25.814,22.024,21.119,20.633,18.891,21.238,18.848,18.737,14.772,16.517,20.707,17.956,16.126,10.322,10.63,11.73
24.594,22.372,24.687,23.676,22.467,19.018,21.401,25.965,25.54,23.743,21.418,20.223,22.31,22.523,23.536,25.011,20.604,20.456,19.86,25.417,23.677,21.611,25.166,22.354,19.913,23.119,24.828,26.358,34.329,35.754,35.922,36.876,36.757,39.846,40.922,40.398,43.564,41.7,37.492,38.373,39.357,42.919,43.716,44.637,46.228,42.092,43.781,45.226,42.893,44.113,46.084,44.165,40.106,40.715,41.409,36.73,38.405,39.115,42.823,42.92,40.382,36.417,40.718,41.128,35.954,38.202,35.736,34.581,35.208,30.986,32.384,30.792,31.72,30.422,29.973,31.522,27.695,27.628,26.726,26.838,27.644,26.534,28.435,24.364,24.634,25.985,22.196,21.291,20.804,19.062,21.409,19.019,18.909,14.943,16.688,20.878,18.127,16.298,10.493,10.802,11.901
26.623,28.726,27.264,27.559,28.543,25.915,27.577,27.255,28.619,31.018,30.785,27.956,32.177,29.086,29.245,31.097,33.371,32.687,32.513,33.455,32.566,32.566,29.582,25.853,27.468,25.892,30.481,29.748,34.975,36.401,36.569,37.522,37.404,40.493,41.569,41.045,44.21,42.347,38.138,39.02,40.003,43.565,44.362,45.284,46.874,42.738,44.427,45.873,43.539,44.76,46.73,44.811,40.752,41.362,42.056,37.377,39.052,39.762,43.469,43.567,41.029,37.063,41.365,41.775,36.601,38.849,36.383,35.228,35.855,31.633,33.031,31.438,32.367,31.068,30.62,32.169,28.341,28.274,27.373,27.485,28.291,27.181,29.081,25.011,25.281,26.632,22.842,21.937,21.45,19.709,22.056,19.666,19.555,15.59,17.335,21.525,18.774,16.944,11.14,11.448,12.548
24.086,21.864,24.18,23.169,21.959,18.511,20.894,25.457,25.033,23.236,20.91,19.715,21.802,22.016,23.029,24.504,20.097,19.948,19.353,24.91,23.169,21.103,24.659,21.847,19.406,22.611,24.32,25.851,33.821,35.247,35.415,36.368,36.25,39.339,40.415,39.891,43.056,41.193,36.984,37.866,38.849,42.411,43.208,44.13,45.721,41.585,43.273,44.719,42.385,43.606,45.576,43.657,39.598,40.208,40.902,36.223,37.898,38.608,42.315,42.413,39.875,35.909,40.211,40.621,35.447,37.695,35.229,34.074,34.701,30.479,31.877,30.284,31.213,29.914,29.466,31.015,27.187,27.12,26.219,26.331,27.137,26.027,27.927,23.857,24.127,25.478,21.688,20.783,20.297,18.555,20.902,18.512,18.401,14.436,16.181,20.371,17.62,15.79,9.986,10.294,11.394
26.116,23.894,26.209,25.198,23.989,20.54,22.923,27.487,28.308,30.707,30.475,27.646,31.866,28.775,28.935,30.787,33.061,32.377,32.202,33.144,32.255,32.255,29.272,25.543,27.157,25.582,30.171,29.437,34.665,36.09,36.258,37.212,37.093,40.182,41.258,40.734,43.9,42.036,37.828,38.709,39.693,43.255,44.052,44.973,46.564,42.428,44.117,45.562,43.229,44.449,46.42,44.501,40.442,41.051,41.745,37.066,38.742,39.451,43.159,43.256,40.718,36.753,41.054,41.464,36.29,38.538,36.072,34.917,35.544,31.322,32.72,31.128,32.056,30.758,30.31,31.858,28.031,27.964,27.063,27.174,27.98,26.871,28.771,24.7,24.97,26.321,22.532,21.627,21.14,19.398,21.745,19.355,19.245,15.279,17.024,21.214,18.463,16.634,10.829,11.138,12.237
25.101,22.879,25.194,24.184,22.974,19.526,21.908,26.472,26.048,24.251,21.925,20.73,22.817,23.031,24.044,30.408,32.681,31.998,31.823,32.765,31.876,31.876,28.892,25.163,26.778,25.202,29.792,29.058,34.286,35.711,35.879,36.832,36.714,39.803,40.879,40.355,43.52,41.657,37.448,38.33,39.314,42.875,43.673,44.594,46.185,42.049,43.737,45.183,42.85,44.07,46.04,44.121,40.062,40.672,41.366,36.687,38.362,39.072,42.779,42.877,40.339,36.373,40.675,41.085,35.911,38.159,35.693,34.538,35.165,30.943,32.341,30.748,31.677,30.378,29.93,31.479,27.651,27.585,26.683,26.795,27.601,26.491,28.392,24.321,24.591,25.942,22.152,21.247,20.761,19.019,21.366,18.976,18.866,14.9,16.645,20.835,18.084,16.254,10.45,10.758,11.858
27.131,30.325,28.862,29.158,30.141,27.514,29.176,28.853,30.217,32.616,32.384,29.555,33.775,30.684,30.844,32.696,34.97,34.286,34.111,35.053,34.164,34.164,31.181,27.452,29.066,27.491,32.08,31.346,36.574,37.999,38.167,39.121,39.002,42.091,43.167,42.643,45.809,43.945,39.737,40.618,41.602,45.164,45.961,46.882,48.473,44.337,46.026,47.471,45.138,46.358,48.329,46.41,42.351,42.96,43.654,38.975,40.651,41.36,45.068,45.165,42.627,38.662,42.963,43.373,38.199,40.447,37.981,36.827,37.453,33.231,34.629,33.037,33.965,32.667,32.219,33.767,29.94,29.873,28.972,29.083,29.889,28.78,30.68,26.609,26.879,28.23,24.441,23.536,23.049,21.307,23.654,21.264,21.154,17.188,18.933,23.124,20.372,18.543,12.738,13.047,14.146
23.833,21.611,23.926,22.915,21.706,18.257,20.64,25.204,24.779,22.982,20.656,19.461,21.549,21.762,22.775,24.25,19.843,19.695,19.099,24.656,22.916,20.85,24.405,21.593,19.152,22.358,24.067,25.597,33.568,34.993,35.161,36.115,35.996,39.085,40.161,39.637,42.803,40.939,36.731,37.612,38.596,42.158,42.955,43.876,45.467,41.331,43.02,44.465,42.132,43.352,45.323,43.403,39.345,39.954,40.648,35.969,37.644,38.354,42.062,42.159,39.621,35.655,39.957,40.367,35.193,37.441,34.975,33.82,34.447,30.225,31.623,30.031,30.959,29.661,29.212,30.761,26.933,26.867,25.965,26.077,26.883,25.773,27.674,23.603,23.873,25.224,21.435,20.53,20.043,18.301,20.648,18.258,18.148,14.182,15.927,20.117,17.366,15.536,9.7323,10.041,11.14
25.862,23.64,25.955,24.945,23.735,20.287,22.669,27.233,28.055,30.454,30.221,27.392,31.612,28.522,28.681,30.533,32.807,32.123,31.949,32.891,32.001,32.002,29.018,25.289,26.903,25.328,29.917,29.184,34.411,35.836,36.004,36.958,36.839,39.929,41.005,40.481,43.646,41.783,37.574,38.455,39.439,43.001,43.798,44.719,46.31,42.174,43.863,45.309,42.975,44.196,46.166,44.247,40.188,40.798,41.491,36.813,38.488,39.198,42.905,43.002,40.465,36.499,40.8,41.21,36.037,38.285,35.819,34.664,35.291,31.069,32.467,30.874,31.803,30.504,30.056,31.604,27.777,27.71,26.809,26.92,27.727,26.617,28.517,24.446,24.717,26.068,22.278,21.373,20.886,19.144,21.492,19.102,18.991,15.026,16.771,20.961,18.21,16.38,10.576,10.884,11.983
24.848,22.625,24.941,23.93,22.72,19.272,21.655,26.218,25.794,23.997,21.671,20.476,22.564,22.777,23.79,25.265,20.858,20.709,20.114,25.671,23.931,21.864,25.42,22.608,20.167,23.372,25.082,26.612,34.582,36.008,36.176,37.129,37.011,40.1,41.176,40.652,43.817,41.954,37.745,38.627,39.611,43.172,43.97,44.891,46.482,42.346,44.034,45.48,43.147,44.367,46.337,44.418,40.359,40.969,41.663,36.984,38.659,39.369,43.076,43.174,40.636,36.67,40.972,41.382,36.208,38.456,35.99,34.835,35.462,31.24,32.638,31.045,31.974,30.675,30.227,31.776,27.948,27.881,26.98,27.092,27.898,26.788,28.688,24.618,24.888,26.239,22.449,21.544,21.058,19.316,21.663,19.273,19.162,15.197,16.942,21.132,18.381,16.551,10.747,11.055,12.155
26.877,30.071,28.609,28.904,29.888,27.26,28.922,28.599,29.964,32.363,32.13,29.301,33.521,30.431,30.59,32.442,34.716,34.032,33.858,34.8,33.91,33.911,30.927,27.198,28.812,27.237,31.826,31.093,36.32,37.745,37.913,38.867,38.748,41.838,42.914,42.39,45.555,43.692,39.483,40.364,41.348,44.91,45.707,46.629,48.219,44.083,45.772,47.218,44.884,46.105,48.075,46.156,42.097,42.707,43.4,38.722,40.397,41.107,44.814,44.912,42.374,38.408,42.709,43.119,37.946,40.194,37.728,36.573,37.2,32.978,34.376,32.783,33.712,32.413,31.965,33.513,29.686,29.619,28.718,28.83,29.636,28.526,30.426,26.355,26.626,27.977,24.187,23.282,22.795,21.053,23.401,21.011,20.9,16.935,18.68,22.87,20.119,18.289,12.485,12.793,13.893
24.34,22.118,24.433,23.423,22.213,18.764,21.147,25.711,25.287,23.49,21.164,19.969,22.056,22.27,23.282,24.757,20.35,20.202,19.607,25.163,23.423,21.357,24.913,22.101,19.659,22.865,24.574,26.104,34.075,35.5,35.668,36.622,36.503,39.593,40.669,40.145,43.31,41.447,37.238,38.119,39.103,42.665,43.462,44.383,45.974,41.838,43.527,44.973,42.639,43.86,45.83,43.911,39.852,40.462,41.155,36.476,38.152,38.862,42.569,42.666,40.128,36.163,40.464,40.874,35.7,37.948,35.483,34.328,34.955,30.733,32.131,30.538,31.467,30.168,29.72,31.268,27.441,27.374,26.473,26.584,27.391,26.281,28.181,24.11,24.38,25.731,21.942,21.037,20.55,18.808,21.155,18.766,18.655,14.69,16.435,20.625,17.873,16.044,10.24,10.548,11.647
26.37,28.472,27.01,27.306,28.289,25.662,27.323,27.001,28.365,30.764,30.532,27.703,31.923,28.832,28.992,30.844,33.118,32.434,32.259,33.201,32.312,32.312,29.328,25.6,27.214,25.638,30.228,29.494,34.722,36.147,36.315,37.269,37.15,40.239,41.315,40.791,43.956,42.093,37.885,38.766,39.75,43.312,44.109,45.03,46.621,42.485,44.174,45.619,43.286,44.506,46.477,44.557,40.499,41.108,41.802,37.123,38.798,39.508,43.215,43.313,40.775,36.809,41.111,41.521,36.347,38.595,36.129,34.974,35.601,31.379,32.777,31.185,32.113,30.814,30.366,31.915,28.087,28.021,27.119,27.231,28.037,26.927,28.828,24.757,25.027,26.378,22.589,21.683,21.197,19.455,21.802,19.412,19.302,15.336,17.081,21.271,18.52,16.69,10.886,11.194,12.294
25.355,23.133,25.448,24.437,23.228,19.779,22.162,26.726,27.547,29.946,29.714,26.885,31.105,28.014,28.174,30.026,32.3,31.616,31.441,32.383,31.494,31.494,28.511,24.782,26.396,24.82,29.41,28.676,33.904,35.329,35.497,36.451,36.332,39.421,40.497,39.973,43.139,41.275,37.067,37.948,38.932,42.494,43.291,44.212,45.803,41.667,43.356,44.801,42.468,43.688,45.659,43.74,39.681,40.29,40.984,36.305,37.981,38.69,42.398,42.495,39.957,35.992,40.293,40.703,35.529,37.777,35.311,34.156,34.783,30.561,31.959,30.367,31.295,29.997,29.548,31.097,27.27,27.203,26.301,26.413,27.219,26.11,28.01,23.939,24.209,25.56,21.771,20.866,20.379,18.637,20.984,18.594,18.484,14.518,16.263,20.453,17.702,15.873,10.068,10.377,11.476
27.384,30.578,29.116,29.411,30.395,27.768,29.429,29.107,30.471,32.87,32.638,29.809,34.029,30.938,31.097,32.95,35.224,34.54,34.365,35.307,34.418,34.418,31.434,27.705,29.32,27.744,32.334,31.6,36.828,38.253,38.421,39.374,39.256,42.345,43.421,42.897,46.062,44.199,39.991,40.872,41.856,45.418,46.215,47.136,48.727,44.591,46.279,47.725,45.392,46.612,48.583,46.663,42.604,43.214,43.908,39.229,40.904,41.614,45.321,45.419,42.881,38.915,43.217,43.627,38.453,40.701,38.235,37.08,37.707,33.485,34.883,33.29,34.219,32.92,32.472,34.021,30.193,30.127,29.225,29.337,30.143,29.033,30.934,26.863,27.133,28.484,24.694,23.789,23.303,21.561,23.908,21.518,21.408,17.442,19.187,23.377,20.626,18.796,12.992,13.3,14.4
23.516,21.293,23.609,22.598,21.389,17.94,20.323,24.886,24.462,22.665,20.339,19.144,21.232,21.445,22.458,23.933,19.526,19.378,18.782,24.339,22.599,20.532,24.088,21.276,18.835,22.041,23.75,25.28,24.658,17.339,20.224,20.592,21.006,23.258,20.705,20.372,21.641,20.538,21.939,24.085,23.556,19.236,19.628,20.789,22.36,22.757,23.309,19.524,19.447,21.264,21.795,22.378,22.803,22.882,22.684,18.493,20.274,22.378,25.681,22.201,23.627,18.138,20.777,22.48,22.196,23.019,21.121,19.437,23.92,18.263,24.33,24.176,22.059,19.06,19.074,21.955,21.142,21.854,23.018,18.876,17.282,22.201,26.963,20.66,21.243,21.481,17.127,19.276,22.951,22.216,23.67,22.963,22.899,17.054,23.657,24.943,23.464,23.827,22.201,17.778,20.329
25.545,23.323,25.638,24.628,23.418,19.969,22.352,26.916,27.738,30.137,29.904,27.075,31.295,28.205,28.364,30.216,32.49,31.806,31.632,32.573,31.684,31.685,28.701,24.972,26.586,25.011,29.6,28.867,34.094,35.519,35.687,36.641,36.522,39.612,40.688,40.164,43.329,41.466,37.257,38.138,39.122,42.684,43.481,44.402,45.993,41.857,43.546,44.992,42.658,43.879,45.849,43.93,39.871,40.481,41.174,36.495,38.171,38.881,42.588,42.685,40.147,36.182,40.483,40.893,35.719,37.967,35.502,34.347,34.974,30.752,32.15,30.557,31.486,30.187,29.739,31.287,27.46,27.393,26.492,26.603,27.41,26.3,28.2,24.129,24.399,25.75,21.961,21.056,20.569,18.827,21.174,18.785,18.674,14.708,16.454,20.644,17.892,16.063,10.259,10.567,11.666
24.53,22.308,24.624,23.613,22.403,18.955,21.338,25.901,25.477,23.68,21.354,20.159,22.246,22.46,23.473,24.947,20.541,20.392,19.797,25.354,23.613,21.547,25.103,22.291,19.85,23.055,24.764,26.295,34.265,35.691,35.859,36.812,36.694,39.783,40.859,40.335,43.5,41.637,37.428,38.31,39.293,42.855,43.652,44.574,46.164,42.028,43.717,45.163,42.829,44.05,46.02,44.101,40.042,40.652,41.346,36.667,38.342,39.052,42.759,42.857,40.319,36.353,40.655,41.065,35.891,38.139,35.673,34.518,35.145,30.923,32.321,30.728,31.657,30.358,29.91,31.459,27.631,27.564,26.663,26.775,27.581,26.471,28.371,24.301,24.571,25.922,22.132,21.227,20.74,18.999,21.346,18.956,18.845,14.88,16.625,20.815,18.064,16.234,10.43,10.738,11.838
26.56,28.663,27.2,27.496,28.48,25.852,27.514,27.191,28.556,30.954,30.722,27.893,32.113,29.022,29.182,31.034,33.308,32.624,32.449,33.391,32.502,32.502,29.519,25.79,27.404,25.829,30.418,29.684,34.912,36.337,36.505,37.459,37.34,40.429,41.506,40.982,44.147,42.283,38.075,38.956,39.94,43.502,44.299,45.22,46.811,42.675,44.364,45.809,43.476,44.696,46.667,44.748,40.689,41.298,41.992,37.313,38.989,39.698,43.406,43.503,40.965,37,41.301,41.711,36.537,38.785,36.319,35.165,35.792,31.569,32.967,31.375,32.303,31.005,30.557,32.105,28.278,28.211,27.31,27.421,28.227,27.118,29.018,24.947,25.217,26.568,22.779,21.874,21.387,19.645,21.992,19.602,19.492,15.526,17.271,21.462,18.71,16.881,11.077,11.385,12.484
24.023,21.801,24.116,23.106,21.896,18.447,20.83,25.394,24.969,23.173,20.847,19.652,21.739,21.953,22.965,24.44,20.033,19.885,19.29,24.846,23.106,21.04,24.595,21.783,19.342,22.548,24.257,25.787,33.758,35.183,35.351,36.305,36.186,39.275,40.352,39.828,42.993,41.129,36.921,37.802,38.786,42.348,43.145,44.066,45.657,41.521,43.21,44.656,42.322,43.542,45.513,43.594,39.535,40.144,40.838,36.159,37.835,38.545,42.252,42.349,39.811,35.846,40.147,40.557,35.383,37.631,35.165,34.011,34.638,30.415,31.813,30.221,31.15,29.851,29.403,30.951,27.124,27.057,26.156,26.267,27.074,25.964,27.864,23.793,24.063,25.414,21.625,20.72,20.233,18.491,20.838,18.448,18.338,14.372,16.117,20.308,17.556,15.727,9.9225,10.231,11.33
26.053,23.83,26.146,25.135,23.925,20.477,22.86,27.423,28.245,30.644,30.411,27.582,31.803,28.712,28.871,30.723,32.997,32.313,32.139,33.081,32.192,32.192,29.208,25.479,27.094,25.518,30.107,29.374,34.601,36.027,36.195,37.148,37.03,40.119,41.195,40.671,43.836,41.973,37.764,38.646,39.63,43.191,43.989,44.91,46.501,42.365,44.053,45.499,43.165,44.386,46.356,44.437,40.378,40.988,41.682,37.003,38.678,39.388,43.095,43.193,40.655,36.689,40.991,41.401,36.227,38.475,36.009,34.854,35.481,31.259,32.657,31.064,31.993,30.694,30.246,31.795,27.967,27.9,26.999,27.111,27.917,26.807,28.707,24.637,24.907,26.258,22.468,21.563,21.077,19.335,21.682,19.292,19.181,15.216,16.961,21.151,18.4,16.57,10.766,11.074,12.174
